unique_shipment_id	Date_Shipped_by_ODU	Shipment_ID	Species_EraSite_Individuals_Extraction/tissue	Carrier	Tracking_number	Date_Received_TAMUCC	Item_Type	Plate_Box_ID	Plate_ID_1	Plate_ID_2	Plate_ID_3	Plate_ID_4	shipment_num	filter_out_this_row	Notes
2018_4_19_n1_elution-Adu-A_001	2018-04-19T00:00:00Z	2018_4_19_n1	Adu-AMat_Ex1	FedEx	876934220500	2018-04-20T00:00:00Z	elution	Adu-A_001	Adu-A_001_E1	Adu-A_001_E2	NA	NA	NA	NA	NA
2018_4_19_n1_elution-Adu-A_006	2018-04-19T00:00:00Z	2018_4_19_n1	Adu-ATaw_Ex1	FedEx	876934220500	2018-04-20T00:00:00Z	elution	Adu-A_006	Adu-A_006_E1	Adu-A_006_E2	NA	NA	NA	NA	NA
2018_4_19_n1_elution-Adu-C_001	2018-04-19T00:00:00Z	2018_4_19_n1	Adu-CMat_Ex1	FedEx	876934220500	2018-04-20T00:00:00Z	elution	Adu-C_001	Adu-C_001_E1	Adu-C_001_E2	Adu-C_001_E3	NA	NA	NA	NA
2018_4_19_n1_elution-Adu-C_002	2018-04-19T00:00:00Z	2018_4_19_n1	Adu-CGal_Ex1	FedEx	876934220500	2018-04-20T00:00:00Z	elution	Adu-C_002	Adu-C_002_E1	Adu-C_002_E2	Adu-C_002_E3	NA	NA	NA	NA
2018_05_13_n2_elution-Adu-A_002	2018-05-13T00:00:00Z	2018_05_13_n2	Adu-AMat_Ex2	FedEx	NA	2018-05-14T00:00:00Z	elution	Adu-A_002	Adu-A_001_E1	Adu-A_001_E2	NA	NA	NA	NA	NA
2018_05_13_n2_elution-Adu-A_003	2018-05-13T00:00:00Z	2018_05_13_n2	Adu-AGal_Ex1	FedEx	NA	2018-05-14T00:00:00Z	elution	Adu-A_003	Adu-A_003_E1	Adu-A_003_E2	NA	NA	NA	NA	NA
2018_06_14_n3_elution-Adu-A_005	2018-06-14T00:00:00Z	2018_06_14_n3	Adu-ATaw_Ex2	FedEx	800894546350	2018-06-15T00:00:00Z	elution	Adu-A_005	Adu-A_005_E1	NA	NA	NA	NA	NA	NA
2018_06_14_n3_elution-Adu-A_007	2018-06-14T00:00:00Z	2018_06_14_n3	Adu-AMvi_Ex1	FedEx	800894546350	2018-06-15T00:00:00Z	elution	Adu-A_007	Adu-A_007_E1	Adu-A_007_E2	NA	NA	NA	NA	NA
2018_06_14_n3_elution-Adu-A_008	2018-06-14T00:00:00Z	2018_06_14_n3	Adu-ABus_Ex1	FedEx	800894546350	2018-06-15T00:00:00Z	elution	Adu-A_008	Adu-A_008_E1	Adu-A_008_E2	NA	NA	NA	NA	NA
2018_06_14_n3_elution-Adu-A_009	2018-06-14T00:00:00Z	2018_06_14_n3	Adu-ABat_Ex1	FedEx	800894546350	2018-06-15T00:00:00Z	elution	Adu-A_009	Adu-A_009_E1	Adu-A_009_E2	NA	NA	NA	NA	NA
2018_06_14_n3_elution-Adu-A_010	2018-06-14T00:00:00Z	2018_06_14_n3	Adu-ALin_Ex1	FedEx	800894546350	2018-06-15T00:00:00Z	elution	Adu-A_010	Adu-A_010_E1	Adu-A_010_E2	NA	NA	NA	NA	NA
2018_06_26_n4_elution-Adu-C_004	2018-06-26T00:00:00Z	2018_06_26_n4	Adu-CGal_Ex2	FedEx	800894546540	2018-06-27T00:00:00Z	elution	Adu-C_004	Adu-C_002_E1	Adu-C_002_E2	NA	NA	NA	NA	NA
2018_06_26_n4_elution-Adu-C_003	2018-06-26T00:00:00Z	2018_06_26_n4	Adu-CMat_Ex2	FedEx	800894546540	2018-06-27T00:00:00Z	elution	Adu-C_003	Adu-C_001_E1	Adu-C_001_E2	Adu-C_001_E3	NA	NA	NA	NA
2018_06_26_n4_elution-Adu-A_004	2018-06-26T00:00:00Z	2018_06_26_n4	Adu-AGal_Ex2	FedEx	800894546540	2018-06-27T00:00:00Z	elution	Adu-A_004	Adu-A_003_E1	Adu-A_003_E2	NA	NA	NA	NA	NA
2018_06_26_n4_elution-Adu-A_011	2018-06-26T00:00:00Z	2018_06_26_n4	Adu-AMat_Ex3	FedEx	800894546540	2018-06-27T00:00:00Z	elution	Adu-A_011	Adu-A_011_E1	Adu-A_011_E2	NA	NA	NA	NA	NA
2018_10_16_n5_elution-Ssp-C_001	2018-10-16T00:00:00Z	2018_10_16_n5	Ssp-CGub_Ex1	FedEx	800894546262	2018-10-17T00:00:00Z	elution	Ssp-C_001	Ssp-C_001_E1	Ssp-C_001_E2	Ssp-C_001_E3	Ssp-C_001_E4	NA	NA	NA
2018_10_16_n5_elution-Ssp_A_001	2018-10-16T00:00:00Z	2018_10_16_n5	Ssp-AAtu_Ex1	FedEx	800894546262	2018-10-17T00:00:00Z	elution	Ssp_A_001	Ssp-A_001_E1	Ssp-A_001_E2	NA	NA	NA	NA	NA
2018_10_16_n5_elution-Sde-A_001	2018-10-16T00:00:00Z	2018_10_16_n5	Sde-AMat_Ex1	FedEx	800894546262	2018-10-17T00:00:00Z	elution	Sde-A_001	Sde-A_001_E1	Sde-A_001_E2	NA	NA	NA	NA	NA
2019_02_18_n6_elution-Eps-C_001	2019-02-18T00:00:00Z	2019_02_18_n6	Eps-CBai_Ex1	FedEx	800894546573	2019-02-19T00:00:00Z	elution	Eps-C_001	Eps-C_001_E1	NA	NA	NA	NA	NA	This is a mix plate of Eps and E. punctifer (Neg-2017-021_001). check every individual before using
2019_03_08_n7_elution-Aur-C_001	2019-04-08T00:00:00Z	2019_03_08_n7	Aur-CRag_Ex1	FedEx	800894546584	2019-04-09T00:00:00Z	elution	Aur-C_001	Aur-C_001_E1	Aur-C_001_E2	Aur-C_001_E3	NA	NA	NA	NA
2019_04_11_n8_elution-Sde-C_001	2019-04-11T00:00:00Z	2019_04_11_n8	Sde-CMat_Ex1	FedEx	876934220511	2019-04-12T00:00:00Z	elution	Sde-C_001	Sde-C_001_E1	Sde-C_001_E2	Sde-C_001_E3	NA	NA	NA	NA
2019_04_11_n8_elution-Leq-C_001	2019-04-11T00:00:00Z	2019_04_11_n8	Leq-CMig_Ex1	FedEx	876934220511	2019-04-12T00:00:00Z	elution	Leq-C_001	Leq-C_001_E1	Leq-C_001_E2	Leq-C_001_E3	NA	NA	NA	NA
2019_05_20_n9_elution-Aen-C_001	2019-05-20T00:00:00Z	2019_05_20_n9	Aen-CBat_Ex1	FedEx	800894546610	2019-05-21T00:00:00Z	elution	Aen-C_001	Aen-C_001_E1	Aen-C_001_E2	Aen-C_001_E3	Aen-C_001_E4	NA	NA	NA
2019_05_20_n9_elution-Gmi-C_001	2019-05-20T00:00:00Z	2019_05_20_n9	Gmi-CBat_Ex1	FedEx	800894546610	2019-05-21T00:00:00Z	elution	Gmi-C_001	Gmi-C_001_E1	Gmi-C_001_E2	Gmi-C_001_E3	Gmi-C_001_E4	NA	NA	NA
2019_05_20_n9_elution-Lle-C_001	2019-05-20T00:00:00Z	2019_05_20_n9	Lle-CNas_Ex1	FedEx	800894546610	2019-05-21T00:00:00Z	elution	Lle-C_001	Lle-C_001_E1	Lle-C_001_E2	Lle-C_001_E3	Lle-C_001_E4	NA	NA	NA
2019_05_20_n9_elution-Hqu-C_001	2019-05-20T00:00:00Z	2019_05_20_n9	Hqu-CNas_Ex1	FedEx	800894546610	2019-05-21T00:00:00Z	elution	Hqu-C_001	Hqu-C_001_E1	Hqu-C_001_E2	Hqu-C_001_E3	Hqu-C_001_E4	NA	NA	NA
2019_05_20_n9_elution-Hte-C_001	2019-05-20T00:00:00Z	2019_05_20_n9	Hte-CTic_Ex1	FedEx	800894546610	2019-05-21T00:00:00Z	elution	Hte-C_001	Hte-C_001_E1	Hte-C_001_E2	Hte-C_001_E3	Hte-C_001_E4	NA	NA	NA
2019_05_20_n9_elution-Tzo-C_001	2019-05-20T00:00:00Z	2019_05_20_n9	Tzo-CMvi_Ex1	FedEx	800894546610	2019-05-21T00:00:00Z	elution	Tzo-C_001	Tzo-C_001_E1	Tzo-C_001_E2	Tzo-C_001_E3	Tzo-C_001_E4	NA	NA	NA
2019_05_20_n9_elution-Sgr-C_001	2019-05-20T00:00:00Z	2019_05_20_n9	Sgr-CMvi_Ex1	FedEx	800894546610	2019-05-21T00:00:00Z	elution	Sgr-C_001	Sgr-C_001_E1	Sgr-C_001_E2	Sgr-C_001_E3	Sgr-C_001_E4	NA	NA	NA
2019_05_20_n9_elution-Pli-C_001	2019-05-20T00:00:00Z	2019_05_20_n9	Pli-CMvi_Ex1	FedEx	800894546610	2019-05-21T00:00:00Z	elution	Pli-C_001	Pli-C_001_E1	Pli-C_001_E2	Pli-C_001_E3	Pli-C_001_E4	NA	NA	NA
2019_12_10_n10_elution-Tzo-A_001	2019-12-10T00:00:00Z	2019_12_10_n10	Tzo-AMvi_Ex1	FedEx	778786425635	2019-12-11T00:00:00Z	elution	Tzo-A_001	Tzo-A_001_E1	Tzo-A_001_E2	Tzo-A_001_E3	Tzo-A_001_E4	NA	NA	NA
2019_12_10_n10_elution-Aur-C_002	2019-12-10T00:00:00Z	2019_12_10_n10	Aur-CHam_Ex1	FedEx	778786425635	2019-12-11T00:00:00Z	elution	Aur-C_002	Aur-C_002_E1	Aur-C_002_E2	Aur-C_002_E3	Aur-C_002_E4	NA	NA	NA
2019_12_10_n10_elution-Aur-A_001	2019-12-10T00:00:00Z	2019_12_10_n10	Aur-APag_Ex1	FedEx	778786425635	2019-12-11T00:00:00Z	elution	Aur-A_001	Aur-A_001_E1	Aur-A_001_E2	Aur-A_001_E3	Aur-A_001_E4	NA	NA	NA
2019_12_10_n11_spin_columns-Sde-A_002	2019-12-10T00:00:00Z	2019_12_10_n11	Sde-AMar_Ex1	FedEx	800894546621	2019-12-11T00:00:00Z	spin_columns	Sde-A_002	Sde-A_002_E1	Sde-A_002_E2	Sde-A_002_E3	Sde-A_002_E4	NA	NA	NA
2019_12_10_n11_elution-Sde-C_002	2019-12-10T00:00:00Z	2019_12_10_n11	Sde-CHam_Ex1	FedEx	800894546621	2019-12-11T00:00:00Z	elution	Sde-C_002	Sde-C_002_E1	Sde-C_002_E2	Sde-C_002_E3	Sde-C_002_E4	NA	NA	NA
2019_12_10_n11_elution-Sfa-C_001	2019-12-10T00:00:00Z	2019_12_10_n11	Sfa-CBas_Ex1	FedEx	800894546621	2019-12-11T00:00:00Z	elution	Sfa-C_001	Sfa-C_001_E1	Sfa-C_001_E2	Sfa-C_001_E3	Sfa-C_001_E4	NA	NA	NA
2019_12_10_n11_elution-Adu-Misc_001	2019-12-10T00:00:00Z	2019_12_10_n11	Adu-Misc_Ex1	FedEx	800894546621	2019-12-11T00:00:00Z	elution	Adu-Misc_001	Adu-Misc_001_E1	NA	NA	NA	NA	NA	Left_over_elutions_from_original_extractions_of_Adu_individuals;_multiple_different_lots
2019_12_10_n12_spin_columns-Tzo-A_001	2019-12-10T00:00:00Z	2019_12_10_n12	Tzo-AMvi_Ex1	FedEx	778786425624	2019-12-11T00:00:00Z	spin_columns	Tzo-A_001	NA	NA	NA	NA	NA	NA	spin_columns_only_-_4_elutions_
2019_12_10_n12_spin_columns-Aur-A_001	2019-12-10T00:00:00Z	2019_12_10_n12	Aur-APag_Ex1	FedEx	778786425624	2019-12-11T00:00:00Z	spin_columns	Aur-A_001	NA	NA	NA	NA	NA	NA	spin_columns_only_-_4_elutions_
2019_12_10_n12_plate-Sde-C_002	2019-12-10T00:00:00Z	2019_12_10_n12	Sde-CHam_Ex1	FedEx	778786425624	2019-12-11T00:00:00Z	plate	Sde-C_002	NA	NA	NA	NA	NA	NA	spin_columns_only_-_4_elutions_
2019_12_10_n12_plate-Sfa-C_001	2019-12-10T00:00:00Z	2019_12_10_n12	Sfa-CBas_Ex1	FedEx	778786425624	2019-12-11T00:00:00Z	plate	Sfa-C_001	NA	NA	NA	NA	NA	NA	spin_columns_only_-_4_elutions_
2020_02_04_n13_plate-Adu-C_004	2020-02-04T00:00:00Z	2020_02_04_n13	Adu-CGal_Ex2	FedEx	800894546654	2020-02-05T00:00:00Z	plate	Adu-C_004	NA	NA	NA	NA	NA	NA	spin_columns_only_
2020_02_04_n13_elution-Hqu-C_002	2020-02-04T00:00:00Z	2020_02_04_n13	Hqu-CMvi_Ex1	FedEx	800894546654	2020-02-05T00:00:00Z	elution	Hqu-C_002	Hqu-C_002_E1	Hqu-C_002_E2	Hqu-C_002_E3	Hqu-C_002_E4	NA	NA	NA
2020_02_04_n13_elution-Abu-A_001	2020-02-04T00:00:00Z	2020_02_04_n13	Abu-ARag_Ex1	FedEx	800894546654	2020-02-05T00:00:00Z	elution	Abu-A_001	Abu-A_001_E1	Abu-A_001_E2	Abu-A_001_E3	Abu-A_001_E4	1	NA	NA
2020_02_04_n13_elution-Sfa-A_001	2020-02-04T00:00:00Z	2020_02_04_n13	Sfa-ABas_Ex1	FedEx	800894546654	2020-02-05T00:00:00Z	elution	Sfa-A_001	Sfa-A_001_E1	Sfa-A_001_E2	Sfa-A_001_E3	Sfa-A_001_E4	NA	NA	NA
2020_02_04_n13_elution-Lle-A_001	2020-02-04T00:00:00Z	2020_02_04_n13	Lle-AHam_Ex1	FedEx	800894546654	2020-02-05T00:00:00Z	elution	Lle-A_001	Lle-A_001_E1	Lle-A_001_E2	Lle-A_001_E3	Lle-A_001_E4	NA	NA	NA
2020_02_04_n13_elution-Ssp-A_001	2020-02-04T00:00:00Z	2020_02_04_n13	Ssp_AAtu_Ex1	FedEx	800894546654	2020-02-05T00:00:00Z	elution	Ssp-A_001	Ssp-A_001_E1	Ssp-A_001_E2	NA	NA	NA	NA	Both_elutions_were_placed_in_the_same_plate_(48_dwells_each)
2020_02_04_n13_elution-Gmi-C_002	2020-02-04T00:00:00Z	2020_02_04_n13	Gmi-CBas_Ex1	FedEx	800894546654	2020-02-05T00:00:00Z	elution	Gmi-C_002	Gmi-C_002_E1	Gmi-C_002_E2	Gmi-C_002_E3	Gmi-C_002_E4	NA	NA	NA
2020_02_04_n13_elution-Hte-C_002	2020-02-04T00:00:00Z	2020_02_04_n13	Hte-CMvi_Ex1	FedEx	800894546654	2020-02-05T00:00:00Z	elution	Hte-C_002	Hte-C_002_E1	Hte-C_002_E2	Hte-C_002_E3	Hte-C_002_E4	NA	NA	NA
2020_02_04_n13_plate-Sde-C_001	2020-02-04T00:00:00Z	2020_02_04_n13	Sde-CMat_Ex1	FedEx	800894546654	2020-02-05T00:00:00Z	plate	Sde-C_001	NA	NA	NA	NA	NA	NA	spin_columns_only
2020_02_06_n14_spin_columns-Ssp-A_001	2020-02-06T00:00:00Z	2020_02_06_n14	Ssp-AAtu_Ex1	FedEx	800894546665	2020-02-07T00:00:00Z	spin_columns	Ssp-A_001	NA	NA	NA	NA	NA	NA	spin_columns_only
2020_04_08_n15_spin_columns-Sde-C_003	2020-04-08T00:00:00Z	2020_04_08_n15	Sde-CSub_Ex1	FedEx	800894546676	2020-04-09T00:00:00Z	spin_columns	Sde-C_003	Sde-C_003_E1	NA	NA	NA	NA	NA	spin_columns_included
2020_04_08_n15_spin_columns-Hmi-C_001	2020-04-08T00:00:00Z	2020_04_08_n15	Hmi-CBas_Ex1	FedEx	800894546676	2020-04-09T00:00:00Z	spin_columns	Hmi-C_001	Hmi-C_001_E1	Hmi-C_001_E2	Hmi-C_001_E3	Hmi-C_001_E4	NA	NA	Hmi-CPar_included_on_plate_as_well._Combined_into_one_site._Spin_columns_included
2020_04_08_n15_spin_columns-Goy-C_001	2020-04-08T00:00:00Z	2020_04_08_n15	Goy-CPas_Ex1	FedEx	800894546676	2020-04-09T00:00:00Z	spin_columns	Goy-C_001	Goy-C_001_E1	Goy-C_001_E2	Goy-C_001_E3	Goy-C_001_E4	NA	NA	spin_columns_included
2020_04_08_n15_spin_columns-Hqu-A_001	2020-04-08T00:00:00Z	2020_04_08_n15	Hqu-ANas_Ex1	FedEx	800894546676	2020-04-09T00:00:00Z	spin_columns	Hqu-A_001	Hqu-A_001_E1	Hqu-A_001_E2	Hqu-A_001_E3	Hqu-A_001_E4	NA	NA	spin_columns_included
2020_04_08_n15_spin_columns-Gmi-A_002	2020-04-08T00:00:00Z	2020_04_08_n15	Gmi-ABas_Ex1	FedEx	800894546676	2020-04-09T00:00:00Z	spin_columns	Gmi-A_002	Gmi-A_002_E1	Gmi-A_002_E2	Gmi-A_002_E3	Gmi-A_002_E4	NA	NA	spin_columns_included._Some_individuals_formed_waxy_precipitate_during_extraction
2020_04_08_n15_spin_columns-Abu-C_001	2020-04-08T00:00:00Z	2020_04_08_n15	Abu-CPas_Ex1	FedEx	800894546676	2020-04-09T00:00:00Z	spin_columns	Abu-C_001	Abu-C_001_E1	Abu-C_001_E2	NA	NA	NA	NA	spin_columns_included
2020_05_13_n16_elution-Sde-A_002	2020-05-13T00:00:00Z	2020_05_13_n16	Sde-AMar_Ex1	FedEx	800894546687	2020-05-14T00:00:00Z	elution	Sde-A_002	Sde-A_002_E1	Sde-A_002_E2	Sde-A_002_E3	Sde-A_002_E4	NA	NA	needed_more_DNA,_so_ODU_portions_of_elutions_sent_to_attempt_to_increase_yields
2020_05_13_n16_tissue-Sde-A_004	2020-05-13T00:00:00Z	2020_05_13_n16	Sde-AMar_Ex2	FedEx	800894546687	2020-05-14T00:00:00Z	tissue	Sde-A_004	NA	NA	NA	NA	NA	NA	Tissues_sent_only_for_extraction_at_TAMUCC
2020_05_13_n16_tissue-Sde-A_003	2020-05-13T00:00:00Z	2020_05_13_n16	Sde-ASub_Ex1	FedEx	800894546687	2020-05-14T00:00:00Z	tissue	Sde-A_003	NA	NA	NA	NA	NA	NA	Tissues_sent_only_for_extraction_at_TAMUCC
2020_06_02_n17_elution-Ssp-A_001	2020-06-02T00:00:00Z	2020_06_02_n17	Ssp-AAtu_Ex1	FedEx	800894546698	2020-06-03T00:00:00Z	elution	Ssp-A_001	Ssp-A_001_E1	Ssp-A_001_E2	Ssp-A_001_E3	NA	NA	NA	E1-E3_#’s_013-015,_017-019_and_021
2020_06_02_n17_elution-Adu-C_002	2020-06-02T00:00:00Z	2020_06_02_n17	Adu-CGal_Ex1	FedEx	800894546698	2020-06-03T00:00:00Z	elution	Adu-C_002	Adu-C_002_E1	Adu-C_002_E2	Adu-C_002_E3	NA	NA	NA	E1-E3_#’s_004-005
2020_06_02_n17_elution-Ssp-A_001	2020-06-02T00:00:00Z	2020_06_02_n17	Ssp-AAtu_Ex1	FedEx	800894546698	2020-06-03T00:00:00Z	elution	Ssp-A_001	Ssp-A_001_E1	Ssp-A_001_E2	Ssp-A_001_E3	NA	NA	NA	#'s_005-052
2020_06_02_n17_tissue-NA	2020-06-02T00:00:00Z	2020_06_02_n17	Aur-CPas_001-023_tissue	FedEx	800894546698	2020-06-03T00:00:00Z	tissue	NA	NA	NA	NA	NA	NA	NA	Tissues_sent_only_for_extraction_at_TAMUCC_001-023
2020_06_02_n17_tissue-NA	2020-06-02T00:00:00Z	2020_06_02_n17	Aur-AVic_001_024_tissue	FedEx	800894546698	2020-06-03T00:00:00Z	tissue	NA	NA	NA	NA	NA	NA	NA	Tissues_sent_only_for_extraction_at_TAMUCC
2020_06_02_n17_elution-Gmi-C_002	2020-06-02T00:00:00Z	2020_06_02_n17	Gmi-CBas_001-096	FedEx	800894546698	2020-06-03T00:00:00Z	elution	Gmi-C_002	Gmi-C_002_E1	Gmi-C_002_E2	Gmi-C_002_E3	Gmi-C_002_E4	NA	NA	NA
2020_06_02_n17_elution-Adu-C_001	2020-06-02T00:00:00Z	2020_06_02_n17	Adu-CMat_001-096	FedEx	800894546698	2020-06-03T00:00:00Z	elution	Adu-C_001	Adu-C_001_E1	Adu-C_001_E2	Adu-C_001_E3	NA	NA	NA	NA
2020_06_02_n17_elution-Leq-C_001	2020-06-02T00:00:00Z	2020_06_02_n17	Leq-CMig_001-096	FedEx	800894546698	2020-06-03T00:00:00Z	elution	Leq-C_001	Leq-C_001_E1	Leq-C_001_E2	Leq-C_001_E3	NA	NA	NA	NA
2020_06_02_n17_spin_columns-Lle-A-001	2020-06-02T00:00:00Z	2020_06_02_n17	Lle-AHam_001-032	FedEx	800894546698	2020-06-03T00:00:00Z	spin_columns	Lle-A-001	Lle-A-001_E1	Lle-A-001_E2	Lle-A-001_E3	Lle-A-001_E4	NA	NA	NA
2020_06_02_n17_spin_columns-Adu-C_002	2020-06-02T00:00:00Z	2020_06_02_n17	Adu-CGal_Ex1	FedEx	800894546698	2020-06-03T00:00:00Z	spin_columns	Adu-C_002	Adu-C_002_E1	Adu-C_002_E2	Adu-C_002_E3	NA	NA	NA	NA
2020_06_02_n17_spin_columns-Adu-C_001	2020-06-02T00:00:00Z	2020_06_02_n17	Adu-CMat_Ex1	FedEx	800894546698	2020-06-03T00:00:00Z	spin_columns	Adu-C_001	Adu-C_001_E1	Adu-C_001_E2	Adu-C_001_E3	NA	NA	NA	NA
2020_06_02_n17_spin_columns-Ssp-C_001	2020-06-02T00:00:00Z	2020_06_02_n17	Ssp-CGub_Ex1	FedEx	800894546698	2020-06-03T00:00:00Z	spin_columns	Ssp-C_001	Ssp-C_001_E1	Ssp-C_001_E2	Ssp-C_001_E3	Ssp-C_001_E4	NA	NA	NA
2020_06_11_n18_elution-Aur-A_002	2020-06-11T00:00:00Z	2020_06_11_n18	Aur-AVic_Ex1	FedEx	800894546698	2020-06-03T00:00:00Z	elution	Aur-A_002	Aur-A_002_EA	NA	NA	NA	NA	NA	All 4 elutions on single plate
2020_06_11_n18_elution-Aur-C_003	2020-06-11T00:00:00Z	2020_06_11_n18	Aur-CPas_Ex1	FedEx	800894546698	2020-06-03T00:00:00Z	elution	Aur-C_003	Aur-C_003_EA	NA	NA	NA	NA	NA	All 4 elutions on single plate
2020_06_11_n18_elution-Adu-A_012	2020-06-11T00:00:00Z	2020_06_11_n18	Adu-AHam_Ex1	FedEx	800894546698	2020-06-03T00:00:00Z	elution	Adu-A_012	Adu-A_012_E1	NA	NA	NA	NA	NA	NA
2020_06_11_n18_elution-Adu-C_005	2020-06-11T00:00:00Z	2020_06_11_n18	Adu-CHam_Ex1	FedEx	800894546698	2020-06-03T00:00:00Z	elution	Adu-C_005	Adu-C_005_E1	NA	NA	NA	NA	NA	NA
2020_06_11_n18_plate-Adu-C_001	2020-06-11T00:00:00Z	2020_06_11_n18	Adu-CMat_001-096_Ex1	FedEx	800894546698	2020-06-03T00:00:00Z	plate	Adu-C_001	NA	NA	NA	NA	NA	TRUE	NA
2020_06_11_n18_plate-	2020-06-11T00:00:00Z	2020_06_11_n18	Sfu-ABas_001-096	FedEx	800894546698	2020-06-03T00:00:00Z	plate	NA	NA	NA	NA	NA	NA	NA	NA
2020_06_11_n18_spin_columns-	2020-06-11T00:00:00Z	2020_06_11_n18	Adu-CHam_001-096, Adu_C_005	FedEx	800894546698	2020-06-03T00:00:00Z	spin_columns	NA	NA	NA	NA	NA	NA	NA	NA
2020_06_11_n18_spin_columns-Adu-A_010	2020-06-11T00:00:00Z	2020_06_11_n18	Adu-ALin_001-024	FedEx	800894546698	2020-06-03T00:00:00Z	spin_columns	Adu-A_010	NA	NA	NA	NA	NA	NA	NA
2020_06_11_n18_spin_columns-Adu-A_006	2020-06-11T00:00:00Z	2020_06_11_n18	Adu-ATaw_005-028	FedEx	800894546698	2020-06-03T00:00:00Z	spin_columns	Adu-A_006	NA	NA	NA	NA	NA	NA	NA
2020_06_11_n18_spin_columns-Abu-A_001	2020-06-11T00:00:00Z	2020_06_11_n18	Abu-ARag_001-037	FedEx	800894546698	2020-06-03T00:00:00Z	spin_columns	Abu-A_001	NA	NA	NA	NA	NA	NA	NA
2020_06_11_n18_spin_columns-NA	2020-06-11T00:00:00Z	2020_06_11_n18	Ssp-AAtu_013-015, 017-019, 021_Ex2	FedEx	800894546698	2020-06-03T00:00:00Z	spin_columns	NA	NA	NA	NA	NA	NA	NA	NA
2020_06_11_n18_spin_columns-NA	2020-06-11T00:00:00Z	2020_06_11_n18	Adu-CGal_004-005	FedEx	800894546698	2020-06-03T00:00:00Z	spin_columns	NA	NA	NA	NA	NA	NA	NA	NA
2020_06_11_n18_spin_columns-Sfa-A_001	2020-06-11T00:00:00Z	2020_06_11_n18	Sfa-ABas_001-036	FedEx	800894546698	2020-06-03T00:00:00Z	spin_columns	Sfa-A_001	NA	NA	NA	NA	NA	NA	NA
2020_06_11_n18_spin_columns-Hte-C_002	2020-06-11T00:00:00Z	2020_06_11_n18	Hte-CMvi_001-096	FedEx	800894546698	2020-06-03T00:00:00Z	spin_columns	Hte-C_002	NA	NA	NA	NA	NA	NA	NA
2020_06_11_n18_spin_columns-Adu-A_004	2020-06-11T00:00:00Z	2020_06_11_n18	Adu-AMat_005-067	FedEx	800894546698	2020-06-03T00:00:00Z	spin_columns	Adu-A_004	Adu-A_011	Adu-A_002	NA	NA	NA	NA	NA
2020_06_11_n18_spin_columns-	2020-06-11T00:00:00Z	2020_06_11_n18	Hqu-CMvi_001-096	FedEx	800894546698	2020-06-03T00:00:00Z	spin_columns	NA	NA	NA	NA	NA	NA	NA	NA
2020_06_11_n18_spin_columns-	2020-06-11T00:00:00Z	2020_06_11_n18	Sde-AMat_001-048	FedEx	800894546698	2020-06-03T00:00:00Z	spin_columns	NA	NA	NA	NA	NA	NA	NA	NA
2020_06_11_n18_spin_columns-	2020-06-11T00:00:00Z	2020_06_11_n18	Adu-AMvi_001-024	FedEx	800894546698	2020-06-03T00:00:00Z	spin_columns	NA	NA	NA	NA	NA	NA	NA	NA
2020_06_11_n18_spin_columns-	2020-06-11T00:00:00Z	2020_06_11_n18	Adu-ABat_001-024	FedEx	800894546698	2020-06-03T00:00:00Z	spin_columns	NA	NA	NA	NA	NA	NA	NA	NA
2020_06_24_n19_elution-Tbi-A_001	2020-06-24T00:00:00Z	2020_06_24_n19	Tbi-ARos_001-033_Ex1	FedEx	800894546713	2020-06-25T00:00:00Z	elution	Tbi-A_001	Tbi-A_001_12	NA	NA	NA	NA	NA	Tbi-A_001_E1-2
2020_06_24_n19_elution-Tbi-A_001	2020-06-24T00:00:00Z	2020_06_24_n19	Tbi-ARos_001-033_Ex1	FedEx	800894546713	2020-06-25T00:00:00Z	elution	Tbi-A_001	Tbi-A_001_34	NA	NA	NA	NA	NA	Tbi-A_001_E3-4
2020_06_24_n19_spin_columns-Tbi-A_001	2020-06-24T00:00:00Z	2020_06_24_n19	Tbi-ARos_001-033_Ex1	FedEx	800894546713	2020-06-25T00:00:00Z	spin_columns	Tbi-A_001	NA	NA	NA	NA	NA	NA	NA
2020_06_24_n19_elution-Tbi-C_001	2020-06-24T00:00:00Z	2020_06_24_n19	Tbi-CJos_001-024_Ex1	FedEx	800894546713	2020-06-25T00:00:00Z	elution	Tbi-C_001	Tbi-C_001_EM	NA	NA	NA	NA	NA	Tbi-C_001_E2-4
2020_08_19_n20_spin_columns-	2020-08-19T00:00:00Z	2020_08_19_n20	Adu-CSbu_001-096	FedEx	800894546724	2020-08-20T00:00:00Z	spin_columns	NA	NA	NA	NA	NA	NA	NA	NA
2020_08_19_n20_spin_columns-	2020-08-19T00:00:00Z	2020_08_19_n20	Tbi-CJos_001-096	FedEx	800894546724	2020-08-20T00:00:00Z	spin_columns	NA	NA	NA	NA	NA	NA	NA	NA
2020_08_19_n20_spin_columns-	2020-08-19T00:00:00Z	2020_08_19_n20	Sob-ABil_001-004(*10)	FedEx	800894546724	2020-08-20T00:00:00Z	spin_columns	NA	NA	NA	NA	NA	NA	NA	NA
2020_08_19_n20_spin_columns-	2020-08-19T00:00:00Z	2020_08_19_n20	Aur-APnb_001-004(*10)	FedEx	800894546724	2020-08-20T00:00:00Z	spin_columns	NA	NA	NA	NA	NA	NA	NA	NA
2020_08_19_n20_spin_columns-	2020-08-19T00:00:00Z	2020_08_19_n20	Aur-CPas_006,010,016,023	FedEx	800894546724	2020-08-20T00:00:00Z	spin_columns	NA	NA	NA	NA	NA	NA	NA	NA
2020_08_19_n20_spin_columns-	2020-08-19T00:00:00Z	2020_08_19_n20	Hte-AGal_005-008(*10)	FedEx	800894546724	2020-08-20T00:00:00Z	spin_columns	NA	NA	NA	NA	NA	NA	NA	NA
2020_08_19_n20_spin_columns-	2020-08-19T00:00:00Z	2020_08_19_n20	Lle-AMnt_001-004(*10)	FedEx	800894546724	2020-08-20T00:00:00Z	spin_columns	NA	NA	NA	NA	NA	NA	NA	NA
2020_08_19_n20_spin_columns-	2020-08-19T00:00:00Z	2020_08_19_n20	Lle-CNas_005-008	FedEx	800894546724	2020-08-20T00:00:00Z	spin_columns	NA	NA	NA	NA	NA	NA	NA	NA
2020_08_19_n20_elution-Adu-C_006	2020-08-19T00:00:00Z	2020_08_19_n20	Adu-CSub_001-096	FedEx	800894546724	2020-08-20T00:00:00Z	elution	Adu-C_006	Adu-C_006_E1	NA	NA	NA	NA	NA	NA
2020_08_19_n20_elution-Tbi-C_001	2020-08-19T00:00:00Z	2020_08_19_n20	Tbi-CJos_001-096	FedEx	800894546724	2020-08-20T00:00:00Z	elution	Tbi-C_001	Tbi-C_001_E1	NA	NA	NA	NA	NA	NA
2020_08_19_n20_elution-Sob-A_001	2020-08-19T00:00:00Z	2020_08_19_n20	Sob-ABil_001-004(*10);Sob-CKal_001-004	FedEx	800894546724	2020-08-20T00:00:00Z	elution	Sob-A_001	Sob-A_001_E1	NA	NA	NA	NA	NA	NA
2020_08_19_n20_elution-Aur-A_003	2020-08-19T00:00:00Z	2020_08_19_n20	Aur-APnb_001-004(*10);Aur-CPas_006,010,016,023	FedEx	800894546724	2020-08-20T00:00:00Z	elution	Aur-A_003	Aur-A_003_E1	NA	NA	NA	NA	NA	NA
2020_08_19_n20_elution-Hte-A_001	2020-08-19T00:00:00Z	2020_08_19_n20	Hte-AGal_005-008(*10);Hte-CHam_001-004	FedEx	800894546724	2020-08-20T00:00:00Z	elution	Hte-A_001	Hte-A_001_E1	NA	NA	NA	NA	NA	NA
2020_08_19_n20_elution-Lle-A_002	2020-08-19T00:00:00Z	2020_08_19_n20	Lle-AMnt_001-004(*10);Lle-CNas_005-008	FedEx	800894546724	2020-08-20T00:00:00Z	elution	Lle-A_002	Lle-A_002_E1	NA	NA	NA	NA	NA	NA
2020_09_09_n21_elution-Mix-C_001	2020-09-09T00:00:00Z	2020_09_09_n21	Check_extraction_sheet	FedEx	800894546735	2020-09-14T00:00:00Z	elution	Mix-C_001	Mix-C_001_E1	NA	NA	NA	NA	NA	NA
2020_09_09_n21_elution-Ssp-A_002	2020-09-09T00:00:00Z	2020_09_09_n21	Ssp-AAtu_005(*6),6,8,25(*10)	FedEx	800894546735	2020-09-14T00:00:00Z	elution	Ssp-A_002	Ssp-A_002_E2	NA	NA	NA	NA	NA	NA
2020_09_09_n21_spin_columns-Ssp-A_002	2020-09-09T00:00:00Z	2020_09_09_n21	Ssp-AAtu_005(*6),6,8,25(*10)	FedEx	800894546735	2020-09-14T00:00:00Z	spin_columns	Ssp-A_002	Ssp-A_002_E2	NA	NA	NA	NA	NA	NA
2020_09_22_n22_elution-Mix-C_002	2020-09-22T00:00:00Z	2020_09_22_n22	Check_extraction_sheet	FedEx	800894546746	2020-09-23T00:00:00Z	elution	Mix-C_002	Mix-C_002_E1	NA	NA	NA	NA	NA	NA
2020_10_12_n23_elution-Mix-C_003	2020-10-12T00:00:00Z	2020_10_12_n23	Check_extraction_sheet	FedEx	800894546757	2020-10-13T00:00:00Z	elution	Mix-C_003	Mix-C_003_E1	NA	NA	NA	NA	NA	NA
2020_10_12_n23_spin_columns-Mix-C_003	2020-10-12T00:00:00Z	2020_10_12_n23	Check_extraction_sheet	FedEx	800894546757	2020-10-13T00:00:00Z	spin_columns	Mix-C_003	Mix-C_003_E1	NA	NA	NA	NA	NA	NA
2020_10_12_n23_spin_columns-Mix-C_002	2020-10-12T00:00:00Z	2020_10_12_n23	Check_extraction_sheet	FedEx	800894546757	2020-10-13T00:00:00Z	spin_columns	Mix-C_002	Mix-C_002_E1	NA	NA	NA	NA	NA	NA
2021_01_26_n24_spin_columns-Par-A_001	2021-01-26T00:00:00Z	2021_01_26_n24	Par-ARag_001-030_Ex1	FedEx	800894546779	2021-01-27T00:00:00Z	spin_columns	Par-A_001	Par-A_001_E1	NA	NA	NA	NA	NA	NA
2021_01_26_n24_elution-Par-A_001	2021-01-26T00:00:00Z	2021_01_26_n24	Par-ARag_001-030_Ex1	FedEx	800894546779	2021-01-27T00:00:00Z	elution	Par-A_001	Par-A_001_E1	NA	NA	NA	NA	NA	NA
2021_01_26_n24_spin_columns-Aen-A_001	2021-01-26T00:00:00Z	2021_01_26_n24	Aen-AHam_001-060_Ex1	FedEx	800894546779	2021-01-27T00:00:00Z	spin_columns	Aen-A_001	Aen-A_001_E1	NA	NA	NA	NA	NA	NA
2021_01_26_n24_elution-Aen-A_001	2021-01-26T00:00:00Z	2021_01_26_n24	Aen-AHam_001-060_Ex1	FedEx	800894546779	2021-01-27T00:00:00Z	elution	Aen-A_001	Aen-A_001_E1	NA	NA	NA	NA	NA	NA
2021_06_01_n25_elution-Hqu-C_002	2021-06-02T00:00:00Z	2021_06_01_n25	Hqu-CMvi_001-037_Ex1	FedEx	800894546790	2021-06-03T00:00:00Z	elution	Hqu-C_002	Hqu-C_002_E1	Hqu-C_002_E2	Hqu-C_002_E3	Hqu-C_002_E4	NA	NA	Elution 3 Wells C2 and 12 are dry empty. E4- A8,A9,B9 are low
2021_06_01_n25_spin_columns-Adu-A_013	2021-06-02T00:00:00Z	2021_06_01_n25	Adu-AHam_049-096_Ex1	FedEx	800894546790	2021-06-03T00:00:00Z	spin_columns	Adu-A_013	NA	NA	NA	NA	NA	NA	indv. 049-051 and 073-096 were lost in the 1st extractions. These indiv. were extracted twice and thus have two spin columns
2021_06_01_n25_spin_columns-Adu-A_013	2021-06-02T00:00:00Z	2021_06_01_n25	Adu-AHam_049-051_073-096_Ex2	FedEx	800894546790	2021-06-03T00:00:00Z	spin_columns	Adu-A_013	NA	NA	NA	NA	NA	NA	2nd extraction of indv. 049-051 and 073-096. First extraction lost
2021_06_01_n25_elution-Adu-A_013	2021-06-02T00:00:00Z	2021_06_01_n25	Adu-AHam_049-096_Ex1-2	FedEx	800894546790	2021-06-03T00:00:00Z	elution	Adu-A_013	Adu-A_013_E1	NA	NA	NA	NA	NA	Indiv 052-072_Ex1= have one spin colum. Indv. 049-051_Ex2 and 073-096_Ex2 have two spin columns=elution in plate comes from Ex2 or the 2nd spin columns (E1 from Ex1 is lost)
2021_06_01_n25_elution-Adu-C_005	2021-06-02T00:00:00Z	2021_06_01_n25	Adu-CHam_001-096_Ex1	FedEx	800894546790	2021-06-03T00:00:00Z	elution	Adu-C_005	Adu-C_005_E1	NA	NA	NA	NA	NA	NA
2021_06_01_n25_spin_columns-Gmi-A_001	2021-06-02T00:00:00Z	2021_06_01_n25	Gmi-AHam_001-096_Ex1	FedEx	800894546790	2021-06-03T00:00:00Z	spin_columns	Gmi-A_001	NA	NA	NA	NA	NA	NA	NA
2021_06_01_n25_elution-Gmi-A_001	2021-06-02T00:00:00Z	2021_06_01_n25	Gmi-AHam_049-096_Ex1	FedEx	800894546790	2021-06-03T00:00:00Z	elution	Gmi-A_001	Gmi-A_001_E1	NA	NA	NA	NA	NA	NA
2021_06_01_n25_spin_columns-Sde-A_005	2021-06-02T00:00:00Z	2021_06_01_n25	Sde-AMat_001_002_003_005_007_009_010_011_024_027_Ex2	FedEx	800894546790	2021-06-03T00:00:00Z	spin_columns	Sde-A_005	NA	NA	NA	NA	NA	NA	NA
2021_06_01_n25_elution-Sde-A_005	2021-06-02T00:00:00Z	2021_06_01_n25	Sde-AMat_001_002_003_005_007_009_010_011_024_027_Ex2	FedEx	800894546790	2021-06-03T00:00:00Z	elution	Sde-A_005	Sde-A_005_E1	NA	NA	NA	NA	NA	NA
2021_06_01_n25_spin_columns-Sde-A_005	2021-06-02T00:00:00Z	2021_06_01_n25	Sde-AMar_001_006_Ex3	FedEx	800894546790	2021-06-03T00:00:00Z	spin_columns	Sde-A_005	Sde-A_005_E1	NA	NA	NA	NA	NA	NA
2021_06_01_n25_elution-Sde-A_005	2021-06-02T00:00:00Z	2021_06_01_n25	Sde-AMar_001_006_Ex3	FedEx	800894546790	2021-06-03T00:00:00Z	elution	Sde-A_005	Sde-A_005_E1	NA	NA	NA	NA	NA	NA
2021_06_01_n25_elution-Sfa-A_001	2021-06-02T00:00:00Z	2021_06_01_n25	Sfa-ABas_001-036_Ex1	FedEx	800894546790	2021-06-03T00:00:00Z	elution	Sfa-A_001	Sfa-A_001_E1	Sfa-A_001_E2	Sfa-A_001_E3	Sfa-A_001_E4	NA	NA	NA
2021_06_01_n25_elution-Gmi-C_002	2021-06-02T00:00:00Z	2021_06_01_n25	Gmi-CBas_001-096_Ex1	FedEx	800894546790	2021-06-03T00:00:00Z	elution	Gmi-C_002	Gmi-CBas_002_E1	Gmi-CBas_002_E2	Gmi-CBas_002_E3	Gmi-CBas_002_E4	NA	NA	NA
2021_06_01_n25_elution-Abu-A_001	2021-06-02T00:00:00Z	2021_06_01_n25	Abu-ARag_001-037_Ex1	FedEx	800894546790	2021-06-03T00:00:00Z	elution	Abu-A_001	Abu-A_001_E1	Abu-A_001_E2	Abu-A_001_E3	Abu-A_001_E4	2	NA	NA
2021_06_01_n25_elution-Gmi-A_002	2021-06-02T00:00:00Z	2021_06_01_n25	Gmi-ABas_001-061_Ex1	FedEx	800894546790	2021-06-03T00:00:00Z	elution	Gmi-A_002	Gmi-A_002_E1	Gmi-A_002_E2	Gmi-A_002_E3	NA	NA	NA	Elution 4 not found
2021_06_01_n25_elution-Gmi-C_001	2021-06-02T00:00:00Z	2021_06_01_n25	Gmi-CBat_001-096_Ex1	FedEx	800894546790	2021-06-03T00:00:00Z	elution	Gmi-C_001	Gmi-C_001_E1	Gmi-C_001_E2	Gmi-C_001_E3	NA	NA	NA	Elution 4 not found
2021_06_01_n25_elution-Hte-C_001	2021-06-02T00:00:00Z	2021_06_01_n25	Hte-CTic_001-096_Ex1	FedEx	800894546790	2021-06-03T00:00:00Z	elution	Hte-C_001	Hte-C_001_E1	NA	NA	Hte-C_001_E4	NA	NA	E2 and E4 not found
2021_06_01_n25_elution-Sde-C_002	2021-06-02T00:00:00Z	2021_06_01_n25	Sde-CHam_001-096_Ex1	FedEx	800894546790	2021-06-03T00:00:00Z	elution	Sde-C_002	Sde-C_002_E2	Sde-C_002_E4	NA	NA	NA	NA	E1 and E3 not found
2021_06_01_n25_elution-Aur-C_003	2021-06-02T00:00:00Z	2021_06_01_n25	Aur-CPas_001-023_Ex1	FedEx	800894546790	2021-06-03T00:00:00Z	elution	Aur-C_003	Aur-C_003_E1	Aur-C_003_E2	Aur-C_003_E3	Aur-C_003_E4	NA	NA	NA
2021_06_01_n25_elution-Aur-A_002	2021-06-02T00:00:00Z	2021_06_01_n25	Aur-AVic_001-024_Ex1	FedEx	800894546790	2021-06-03T00:00:00Z	elution	Aur-A_002	Aur-A_002_E1	Aur-A_002_E2	Aur-A_002_E3	Aur-A_002_E4	NA	NA	NA
2021_06_01_n25_elution-Sgr-C_001	2021-06-02T00:00:00Z	2021_06_01_n25	Sgr-CMvi-001_096_Ex1	FedEx	800894546790	2021-06-03T00:00:00Z	elution	Sgr-C_001	Sgr-C_001_E3	NA	NA	NA	NA	NA	E1,2,4 not found
2021_06_01_n25_elution-Ssp-C_001	2021-06-02T00:00:00Z	2021_06_01_n25	Ssp-CGub_001-096_Ex1	FedEx	800894546790	2021-06-03T00:00:00Z	elution	Ssp-C_001	Ssp-C_001_E1	NA	NA	NA	NA	NA	most wells are very low-empty
2021_06_01_n25_elution-Tbi-A_001	2021-06-02T00:00:00Z	2021_06_01_n25	Tbi-ARos_001-033_Ex1	FedEx	800894546790	2021-06-03T00:00:00Z	elution	Tbi-A_001	Tbi-A_001_E1-2	Tbi-A_001_E3-4	NA	NA	NA	NA	Previously labeled Tbi-A_001_12 and Tbi-A_001_34
2021_06_01_n25_elution-Tbi-C_001	2021-06-02T00:00:00Z	2021_06_01_n25	Tbi-CJos_001-096_Ex1	FedEx	800894546790	2021-06-03T00:00:00Z	elution	Tbi-C_001	Tbi-C_001-E1	NA	NA	NA	NA	NA	E1 for 001-096. E2 for 001-024 only. Low/empty wells= A2-11, B2-10, C2-7, D2-5, D7-9, E-1-7
2021_06_01_n25_elution-Tbi-C_001	2021-06-02T00:00:00Z	2021_06_01_n25	Tbi-CJos_001-024_Ex1	FedEx	800894546790	2021-06-03T00:00:00Z	elution	Tbi-C_001	Tbi-C_001-EM	NA	NA	NA	NA	NA	E1 for 001-096. E2 for 001-024 only
2021_06_01_n25_elution-Lle-C_001	2021-06-02T00:00:00Z	2021_06_01_n25	Lle-CNas_001-096_Ex1	FedEx	800894546790	2021-06-03T00:00:00Z	elution	Lle-C_001	Lle-C_001_E1	Lle-C_001_E2	Lle-C_001_E3	NA	NA	NA	Elutions 4 not found
2021_06_16_n26_spin_columns-Sde-A_006	2021-06-15T00:00:00Z	2021_06_16_n26	Sde-AMat_049-096_Ex1	FedEx	800894546805	2021-07-01T00:00:00Z	spin_columns	Sde-A_006	NA	NA	NA	NA	NA	NA	NA
2021_06_16_n26_elution-Sde-A_006	2021-06-15T00:00:00Z	2021_06_16_n26	Sde-AMat_049-096_Ex1	FedEx	800894546805	2021-07-01T00:00:00Z	elution	Sde-A_006	Sde-A_006_E1	NA	NA	NA	NA	NA	NA
2021_06_30_n27_spin_columns-Hte-A_003	2021-06-30T00:00:00Z	2021_06_30_n27	Hte-AMvi_022-047_Ex1	FedEx	800894546827	2021-07-01T00:00:00Z	spin_columns	Hte-A_003	NA	NA	NA	NA	NA	NA	NA
2021_06_30_n27_elution-Hte-A_003	2021-06-30T00:00:00Z	2021_06_30_n27	Hte-AMvi_022-047_Ex1	FedEx	800894546827	2021-07-01T00:00:00Z	elution	Hte-A_003	Hte-A_003_E1	NA	NA	NA	NA	NA	NA
2021_06_30_n27_spin_columns-Hte-A_002	2021-06-30T00:00:00Z	2021_06_30_n27	Hte-ATic_001-096_Ex1	FedEx	800894546827	2021-07-01T00:00:00Z	spin_columns	Hte-A_002	NA	NA	NA	NA	NA	NA	NA
2021_06_30_n27_elution-Hte-A_002	2021-06-30T00:00:00Z	2021_06_30_n27	Hte-ATic_001-096_Ex1	FedEx	800894546827	2021-07-01T00:00:00Z	elution	Hte-A_002	Hte-A_002_E1	NA	NA	NA	NA	NA	NA
2021_08_10_n28_elution-Sgr-A_001	2021-08-10T00:00:00Z	2021_08_10_n28	Sgr-AMvi_001-096_Ex1	FedEx	800894546838	2021-08-11T00:00:00Z	elution	Sgr-A_001	Sgr-A_001_E1	NA	NA	NA	NA	NA	NA
2021_08_10_n28_spin_columns-Sgr-A_001	2021-08-10T00:00:00Z	2021_08_10_n28	Sgr-AMvi_001-096_Ex1	FedEx	800894546838	2021-08-11T00:00:00Z	spin_columns	Sgr-A_001	NA	NA	NA	NA	NA	NA	NA
2021_08_10_n28_elution-Par-C_001	2021-08-10T00:00:00Z	2021_08_10_n28	Par-CPas_001-087_Ex1	FedEx	800894546838	2021-08-11T00:00:00Z	elution	Par-C_001	Par-C_001_E1	NA	NA	NA	NA	NA	NA
2021_08_10_n28_spin_columns-Par-C_001	2021-08-10T00:00:00Z	2021_08_10_n28	Par-CPas_001-087_Ex1	FedEx	800894546838	2021-08-11T00:00:00Z	spin_columns	Par-C_001	NA	NA	NA	NA	NA	NA	NA
2021_08_24_n29_elution-Hmi-A_001	2021-08-24T00:00:00Z	2021_08_24_n29	Hmi-ABas_001-047_Ex1; Hmi-AMac_001-049_Ex1	FedEx	800894546849	2021-08-25T00:00:00Z	elution	Hmi-A_001	Hmi-A_001_E1	NA	NA	NA	NA	NA	NA
2021_08_24_n29_spin_columns-Hmi-A_001	2021-08-24T00:00:00Z	2021_08_24_n29	Hmi-ABas_001-047_Ex1; Hmi-AMac_001-049_Ex1	FedEx	800894546849	2021-08-25T00:00:00Z	spin_columns	Hmi-A_001	NA	NA	NA	NA	NA	NA	NA
2021_12_13_n30_elution-Sne-C_001	2021-12-13T00:00:00Z	2021_12_13_n30	Sne-CTAW_001-096_Ex1	FedEx	800894546871	2021-12-14T00:00:00Z	elution	Sne-C_001	Sne-C_001_E1	NA	NA	NA	NA	NA	NA
2021_12_13_n30_spin_columns-Sne-C_001	2021-12-13T00:00:00Z	2021_12_13_n30	Sne-CTAW_001-096_Ex1	FedEx	800894546871	2021-12-14T00:00:00Z	spin_columns	Sne-C_001	NA	NA	NA	NA	NA	NA	NA
2022_01_06_unkown-Lva-C_001	2022-01-18T00:00:00Z	2022_01_06	Lva-CPnd_001-048_Ex1	FedEx	unknown	2022-01-19T00:00:00Z	unkown	Lva-C_001	NA	NA	NA	NA	NA	NA	NA
2022_02_02_n31_spin_columns-Adu-A_014	2022-02-02T00:00:00Z	2022_02_02_n31	Adu-AMat_005-088	FedEx	800894546908	2022-02-03T00:00:00Z	spin_columns	Adu-A_014	NA	NA	NA	NA	NA	NA	NA
2022_02_02_n31_spin_columns-Adu-A_015	2022-02-02T00:00:00Z	2022_02_02_n31	Adu-ASub_001-045 + 3 Pli	FedEx	800894546908	2022-02-03T00:00:00Z	spin_columns	Adu-A_015	NA	NA	NA	NA	NA	NA	NA
2022_02_23_n32_elution-Mix-C_005	2022-02-23T00:00:00Z	2022_02_23_n32	Pba-CTat_001-008_Ex1; Och-CTum_001-008_Ex1; Cha-CPnd_001-008_Ex1; Gma-CRag_001-008_Ex1; Sin-CPnd_001-008_Ex1; Ppa-CPnd_001-008_Ex1	FedEx	800894546919	2022-02-24T00:00:00Z	elution	Mix-C_005	Mix-C_005_E1	NA	NA	NA	NA	NA	NA
2022_02_23_n32_spin_columns-Mix-C_005	2022-02-23T00:00:00Z	2022_02_23_n32	Pba-CTat_001-008_Ex1; Och-CTum_001-008_Ex1; Cha-CPnd_001-008_Ex1; Gma-CRag_001-008_Ex1; Sin-CPnd_001-008_Ex1; Ppa-CPnd_001-008_Ex1	FedEx	800894546919	2022-02-24T00:00:00Z	spin_columns	Mix-C_005	NA	NA	NA	NA	NA	NA	NA
2022_02_23_n32_elution-Sne-A_001	2022-02-23T00:00:00Z	2022_02_23_n32	Sne-ATaw_001-027_Ex1	FedEx	800894546919	2022-02-24T00:00:00Z	elution	Sne-A_001	Sne-A_001_E1	NA	NA	NA	NA	NA	NA
2022_02_23_n32_spin_columns-Sne-A_001	2022-02-23T00:00:00Z	2022_02_23_n32	Sne-ATaw_001-027_Ex1	FedEx	800894546919	2022-02-24T00:00:00Z	spin_columns	Sne-A_001	NA	NA	NA	NA	NA	NA	NA
2022_02_23_n32_spin_columns-Rao crosslink	2022-02-23T00:00:00Z	2022_02_23_n32	Rao crosslink (Sne and Sfa)	FedEx	800894546919	2022-02-24T00:00:00Z	spin_columns	Rao crosslink	NA	NA	NA	NA	NA	NA	NA
2022_03_23_n33_elution-Sde-C_004	2022-03-23T00:00:00Z	2022_03_23_n33	Sde-CBan_001-036	FedEx	800894546920	2022-03-24T00:00:00Z	elution	Sde-C_004	Sde-C_004_E1	NA	NA	NA	NA	NA	NA
2022_03_23_n33_spin_columns-Sde-C_004	2022-03-23T00:00:00Z	2022_03_23_n33	Sde-CBan_001-036	FedEx	800894546920	2022-03-24T00:00:00Z	spin_columns	Sde-C_004	NA	NA	NA	NA	NA	NA	NA
2022_03_23_n33_elution-Abu-C_002	2022-03-23T00:00:00Z	2022_03_23_n33	Abu-CPnd_001-096	FedEx	800894546920	2022-03-24T00:00:00Z	elution	Abu-C_002	Abu-C_002_E1	NA	NA	NA	NA	NA	NA
2022_03_23_n33_spin_columns-Abu-C_002	2022-03-23T00:00:00Z	2022_03_23_n33	Abu-CPnd_001-096	FedEx	800894546920	2022-03-24T00:00:00Z	spin_columns	Abu-C_002	NA	NA	NA	NA	NA	NA	NA
2022_04_13_n34_elution-Sde-A_007	2022-04-13T00:00:00Z	2022_04_13_n34	Sde-AGui_001-035	FedEx	800894546930	2022-04-14T00:00:00Z	elution	Sde-A_007	Sde-A_007_E1	NA	NA	NA	NA	NA	NA
2022_04_13_n34_spin_columns-Sde-A_007	2022-04-13T00:00:00Z	2022_04_13_n34	Sde-AGui_001-035	FedEx	800894546930	2022-04-14T00:00:00Z	spin_columns	Sde-A_007	NA	NA	NA	NA	NA	NA	NA
2022_04_27_n35_elution-Sde-A_008	2022-04-27T00:00:00Z	2022_04_27_n35	Sde-ATum_001-048	FedEx	800894546941	2022-04-28T00:00:00Z	elution	Sde-A_008	Sde-A_008	NA	NA	NA	NA	NA	NA
2022_04_27_n35_spin_columns-Sde-A_008	2022-04-27T00:00:00Z	2022_04_27_n35	Sde-ATum_001-048	FedEx	800894546941	2022-04-28T00:00:00Z	spin_columns	Sde-A_008	NA	NA	NA	NA	NA	NA	NA
2022_04_27_n35_elution-Sde-C_005	2022-04-27T00:00:00Z	2022_04_27_n35	Sde-CVal_001-096	FedEx	800894546941	2022-04-28T00:00:00Z	elution	Sde-C_005	Sde-C_005	NA	NA	NA	NA	NA	NA
2022_04_27_n35_spin_columns-Sde-C_005	2022-04-27T00:00:00Z	2022_04_27_n35	Sde-CVal_001-096	FedEx	800894546941	2022-04-28T00:00:00Z	spin_columns	Sde-C_005	NA	NA	NA	NA	NA	NA	NA
2022_05_17_n36_elution-Sde-C_006	2022-05-17T00:00:00Z	2022_05_17_n36	Sde-CTum_001-096	FedEx	800894546952	2022-05-18T00:00:00Z	elution	Sde-C_006	Sde-C_006_E1	NA	NA	NA	NA	NA	NA
2022_05_17_n36_spin_columns-Sde-C_006	2022-05-17T00:00:00Z	2022_05_17_n36	Sde-CTum_001-096	FedEx	800894546952	2022-05-18T00:00:00Z	spin_columns	Sde-C_006	NA	NA	NA	NA	NA	NA	NA
2022_05_25_n37_elution-Hte-C_003	2022-05-25T00:00:00Z	2022_05_25_n37	Hte-CTaw_001-096	FedEx	800894546963	2022-05-26T00:00:00Z	elution	Hte-C_003	Hte-C_003_E1	NA	NA	NA	NA	NA	NA
2022_05_25_n37_spin_columns-Hte-C_003	2022-05-25T00:00:00Z	2022_05_25_n37	Hte-CTaw_001-096	FedEx	800894546963	2022-05-26T00:00:00Z	spin_columns	Hte-C_003	NA	NA	NA	NA	NA	NA	NA
2022_05_25_n37_elution-Sde-C_007	2022-05-25T00:00:00Z	2022_05_25_n37	Sde-CJol_001-096	FedEx	800894546963	2022-05-26T00:00:00Z	elution	Sde-C_007	Sde-C_007_E1	NA	NA	NA	NA	NA	NA
2022_05_25_n37_spin_columns-Sde-C_007	2022-05-25T00:00:00Z	2022_05_25_n37	Sde-CJol_001-096	FedEx	800894546963	2022-05-26T00:00:00Z	spin_columns	Sde-C_007	NA	NA	NA	NA	NA	NA	NA
2022_06_08_n38_elution-Sde-A_009	2022-06-08T00:00:00Z	2022_06_08_n38	Sde-ASac_001-096	FedEx	800894546974	2022-06-09T00:00:00Z	elution	Sde-A_009	Sde-A_009_E1	NA	NA	NA	NA	NA	NA
2022_06_08_n38_spin_columns-Sde-A_009	2022-06-08T00:00:00Z	2022_06_08_n38	Sde-ASac_001-096	FedEx	800894546974	2022-06-09T00:00:00Z	spin_columns	Sde-A_009	NA	NA	NA	NA	NA	NA	NA
2022_06_08_n38_elution-Sde-A_010	2022-06-08T00:00:00Z	2022_06_08_n38	Sde-ABul_001-096	FedEx	800894546974	2022-06-09T00:00:00Z	elution	Sde-A_010	Sde-A_010_E1	NA	NA	NA	NA	NA	NA
2022_06_08_n38_spin_columns-Sde-A_010	2022-06-08T00:00:00Z	2022_06_08_n38	Sde-ABul_001-096	FedEx	800894546974	2022-06-09T00:00:00Z	spin_columns	Sde-A_010	NA	NA	NA	NA	NA	NA	NA
2022_06_15_n39_elution-Sgr-C_002	2022-06-15T00:00:00Z	2022_06_15_n39	Sgr-CJol_001-096	FedEx	800894546985	2022-06-16T00:00:00Z	elution	Sgr-C_002	Sgr-C_002_E1	NA	NA	NA	NA	NA	NA
2022_06_15_n39_spin_columns-Sgr-C_002	2022-06-15T00:00:00Z	2022_06_15_n39	Sgr-CJol_001-096	FedEx	800894546985	2022-06-16T00:00:00Z	spin_columns	Sgr-C_002	NA	NA	NA	NA	NA	NA	NA
2022_06_15_n39_elution-Sgr-A_002	2022-06-15T00:00:00Z	2022_06_15_n39	Sgr-AJol_001-096	FedEx	800894546985	2022-06-16T00:00:00Z	elution	Sgr-A_002	Sgr-A_002_E1	NA	NA	NA	NA	NA	NA
2022_06_15_n39_spin_columns-Sgr-A_002	2022-06-15T00:00:00Z	2022_06_15_n39	Sgr-AJol_001-096	FedEx	800894546985	2022-06-16T00:00:00Z	spin_columns	Sgr-A_002	NA	NA	NA	NA	NA	NA	NA
2022_06_15_n39_spin_columns-NA	2022-06-15T00:00:00Z	2022_06_15_n39	Sfa and Sne samples for Hi-C	FedEx	800894546985	2022-06-16T00:00:00Z	spin_columns	NA	NA	NA	NA	NA	NA	NA	NA
2022_06_29_n40_elution-Adu-C_007	2022-06-29T00:00:00Z	2022_06_29_n40	Adu-C_001-096	FedEx	800894546996	2022-06-30T00:00:00Z	elution	Adu-C_007	Adu-C_007_E1	NA	NA	NA	NA	NA	NA
2022_06_29_n40_spin_columns-Adu-C_007	2022-06-29T00:00:00Z	2022_06_29_n40	Adu-C_001-096	FedEx	800894546996	2022-06-30T00:00:00Z	spin_columns	Adu-C_007	NA	NA	NA	NA	NA	NA	NA
2022_06_29_n40_elution-Sgr-C_003	2022-06-29T00:00:00Z	2022_06_29_n40	Sgr-C_001-096	FedEx	800894546996	2022-06-30T00:00:00Z	elution	Sgr-C_003	Sgr-C_003_E1	NA	NA	NA	NA	NA	NA
2022_06_29_n40_spin_columns-Sgr-C_003	2022-06-29T00:00:00Z	2022_06_29_n40	Sgr-C_001-096	FedEx	800894546996	2022-06-30T00:00:00Z	spin_columns	Sgr-C_003	NA	NA	NA	NA	NA	NA	NA
2022_06_29_n40_elution-Hte-A_004	2022-06-29T00:00:00Z	2022_06_29_n40	Hte-A_001-096	FedEx	800894546996	2022-06-30T00:00:00Z	elution	Hte-A_004	Hte-A_004_E1	NA	NA	NA	NA	NA	NA
2022_06_29_n40_spin_columns-Hte-A_004	2022-06-29T00:00:00Z	2022_06_29_n40	Hte-A_001-096	FedEx	800894546996	2022-06-30T00:00:00Z	spin_columns	Hte-A_004	NA	NA	NA	NA	NA	NA	NA
2022_06_29_n40_elution-Mix-A_002	2022-06-29T00:00:00Z	2022_06_29_n40	Sgr-A_001-047, Hte-A_001-032	FedEx	800894546996	2022-06-30T00:00:00Z	elution	Mix-A_002	Mix-A_002_E1	NA	NA	NA	NA	NA	NA
2022_06_29_n40_spin_columns-Mix-A_002	2022-06-29T00:00:00Z	2022_06_29_n40	Sgr-A_001-047, Hte-A_001-032	FedEx	800894546996	2022-06-30T00:00:00Z	spin_columns	Mix-A_002	NA	NA	NA	NA	NA	NA	NA
2022_07_20_n41_elution-Hte-C_004	2022-07-20T00:00:00Z	2022_07_20_n41	Hte-CPnd_001-096	FedEx	800894547000	2022-07-21T00:00:00Z	elution	Hte-C_004	Hte-C_004_E1	NA	NA	NA	NA	NA	NA
2022_07_20_n41_spin_columns-Hte-C_004	2022-07-20T00:00:00Z	2022_07_20_n41	Hte-CPnd_001-096	FedEx	800894547000	2022-07-21T00:00:00Z	spin_columns	Hte-C_004	NA	NA	NA	NA	NA	NA	NA
2022_07_20_n41_elution-Adu-C_008	2022-07-20T00:00:00Z	2022_07_20_n41	Adu-CGui_001-096	FedEx	800894547000	2022-07-21T00:00:00Z	elution	Adu-C_008	Adu-C_008_E1	NA	NA	NA	NA	NA	NA
2022_07_20_n41_spin_columns-Adu-C_008	2022-07-20T00:00:00Z	2022_07_20_n41	Adu-CGui_001-096	FedEx	800894547000	2022-07-21T00:00:00Z	spin_columns	Adu-C_008	NA	NA	NA	NA	NA	NA	NA
2022_07_20_n41_elution-Hte-C_006	2022-07-20T00:00:00Z	2022_07_20_n41	Hte-CJol_001-096	FedEx	800894547000	2022-07-21T00:00:00Z	elution	Hte-C_006	Hte-C_006_E1	NA	NA	NA	NA	NA	NA
2022_07_20_n41_spin_columns-Hte-C_006	2022-07-20T00:00:00Z	2022_07_20_n41	Hte-CJol_001-096	FedEx	800894547000	2022-07-21T00:00:00Z	spin_columns	Hte-C_006	NA	NA	NA	NA	NA	NA	NA
2022_08_29_n42_elution-Hte-A_005	2022-08-29T00:00:00Z	2022_08_29_n42	Hte-ABur_001-096	FedEx	876934220522	2022-08-30T00:00:00Z	elution	Hte-A_005	Hte-A_005_E1	NA	NA	NA	NA	NA	NA
2022_08_29_n42_spin_columns-Hte-A_005	2022-08-29T00:00:00Z	2022_08_29_n42	Hte-ABur_001-096	FedEx	876934220522	2022-08-30T00:00:00Z	spin_columns	Hte-A_005	NA	NA	NA	NA	NA	NA	NA
2022_08_29_n42_elution-Mix-C_006	2022-08-29T00:00:00Z	2022_08_29_n42	Tcr-CJol_001-023, Sor-CPnd_001-072	FedEx	876934220522	2022-08-30T00:00:00Z	elution	Mix-C_006	Mix-C_006_E1	NA	NA	NA	NA	NA	NA
2022_08_29_n42_spin_columns-Mix-C_006	2022-08-29T00:00:00Z	2022_08_29_n42	Tcr-CJol_001-023, Sor-CPnd_001-072	FedEx	876934220522	2022-08-30T00:00:00Z	spin_columns	Mix-C_006	NA	NA	NA	NA	NA	NA	NA
2022_08_29_n42_elution-Hte-C_005	2022-08-29T00:00:00Z	2022_08_29_n42	Hte-CBur_001-096	FedEx	876934220522	2022-08-30T00:00:00Z	elution	Hte-C_005	Hte-C_005_E1	NA	NA	NA	NA	NA	NA
2022_08_29_n42_spin_columns-Hte-C_005	2022-08-29T00:00:00Z	2022_08_29_n42	Hte-CBur_001-096	FedEx	876934220522	2022-08-30T00:00:00Z	spin_columns	Hte-C_005	NA	NA	NA	NA	NA	NA	NA
2022_08_29_n42_elution-Adu-C_009	2022-08-29T00:00:00Z	2022_08_29_n42	Adu-CTag_001-096	FedEx	876934220522	2022-08-30T00:00:00Z	elution	Adu-C_009	Adu-C_009_E1	NA	NA	NA	NA	NA	NA
2022_08_29_n42_spin_columns-Adu-C_009	2022-08-29T00:00:00Z	2022_08_29_n42	Adu-CTag_001-096	FedEx	876934220522	2022-08-30T00:00:00Z	spin_columns	Adu-C_009	NA	NA	NA	NA	NA	NA	NA
2022_09_14_n43_elution-Sor-A_001	2022-09-14T00:00:00Z	2022_09_14_n43	Sor-ACam_001-055, Sor-ACeb_001-022, Sor-ABur_001-016	FedEx	876934220533	2022-09-15T00:00:00Z	elution	Sor-A_001	Sor-A_001_E1	NA	NA	NA	NA	NA	NA
2022_09_14_n43_spin_columns-Sor-A_001	2022-09-14T00:00:00Z	2022_09_14_n43	Sor-ACam_001-055, Sor-ACeb_001-022, Sor-ABur_001-016	FedEx	876934220533	2022-09-15T00:00:00Z	spin_columns	Sor-A_001	NA	NA	NA	NA	NA	NA	NA
2022_09_14_n43_elution-Sor-C_001	2022-09-14T00:00:00Z	2022_09_14_n43	Sor-CBur_001-096	FedEx	876934220533	2022-09-15T00:00:00Z	elution	Sor-C_001	Sor-C_001_E1	NA	NA	NA	NA	NA	NA
2022_09_14_n43_spin_columns-Sor-C_001	2022-09-14T00:00:00Z	2022_09_14_n43	Sor-CBur_001-096	FedEx	876934220533	2022-09-15T00:00:00Z	spin_columns	Sor-C_001	NA	NA	NA	NA	NA	NA	NA
2022_09_14_n43_elution-Hte-A_006	2022-09-14T00:00:00Z	2022_09_14_n43	Hte-A_001-096	FedEx	876934220533	2022-09-15T00:00:00Z	elution	Hte-A_006	Hte-A_006_E1	NA	NA	NA	NA	NA	NA
2022_09_14_n43_spin_columns-Hte-A_006	2022-09-14T00:00:00Z	2022_09_14_n43	Hte-A_001-096	FedEx	876934220533	2022-09-15T00:00:00Z	spin_columns	Hte-A_006	NA	NA	NA	NA	NA	NA	NA
2022_09_14_n43_elution-Mix-A_003	2022-09-14T00:00:00Z	2022_09_14_n43	Adu-ATag_001-040, Adu-ASub_046-068, Hte-AMvi_048-061	FedEx	876934220533	2022-09-15T00:00:00Z	elution	Mix-A_003	Mix-A_003_E1	NA	NA	NA	NA	NA	NA
2022_09_14_n43_spin_columns-Mix-A_003	2022-09-14T00:00:00Z	2022_09_14_n43	Adu-ATag_001-040, Adu-ASub_046-068, Hte-AMvi_048-061	FedEx	876934220533	2022-09-15T00:00:00Z	spin_columns	Mix-A_003	NA	NA	NA	NA	NA	NA	NA
2022_09_21_n44_elution-Mix-A_004	2022-09-21T00:00:00Z	2022_09_21_n44	Sfu-ABai_005-012, Sin-APnd_001-025, Tzo-AMta_001-031, Goy-ARag_001-032	FedEx	876934220544	2022-09-22T00:00:00Z	elution	Mix-A_004	Mix-A_004_E1	NA	NA	NA	NA	NA	NA
2022_09_21_n44_spin_columns-Mix-A_004	2022-09-21T00:00:00Z	2022_09_21_n44	Sfu-ABai_005-012, Sin-APnd_001-025, Tzo-AMta_001-031, Goy-ARag_001-032	FedEx	876934220544	2022-09-22T00:00:00Z	spin_columns	Mix-A_004	NA	NA	NA	NA	NA	NA	NA
2022_09_21_n44_elution-Mix-C_007	2022-09-21T00:00:00Z	2022_09_21_n44	Pbb-CGal_001-008, Psq-CGal_001-008, Dar-CJol_001-008, Gma-CRag_001-008, Sfu-CBai_035-042, Sob-CPnd_001-050	FedEx	876934220544	2022-09-22T00:00:00Z	elution	Mix-C_007	Mix-A_007_E2	NA	NA	NA	NA	NA	NA
2022_09_21_n44_spin_columns-Mix-C_007	2022-09-21T00:00:00Z	2022_09_21_n44	Pba-CGal_001-008, Psq-CGal_001-008, Dar-CJol_001-008, Gma-CRag_001-008, Sfu-CBai_035-042, Sob-CPnd_001-050	FedEx	876934220544	2022-09-22T00:00:00Z	spin_columns	Mix-C_007	NA	NA	NA	NA	NA	NA	NA
2022_10_04_n45_elution-Adu-A_016	2022-10-04T00:00:00Z	2022_10_04_n45	Adu-A_001-096	FedEx	876934220555	2022-10-05T00:00:00Z	elution	Adu-A_016	Adu-A_016_E1	NA	NA	NA	NA	NA	NA
2022_10_04_n45_spin_columns-Adu-A_016	2022-10-04T00:00:00Z	2022_10_04_n45	Adu-A_001-096	FedEx	876934220555	2022-10-05T00:00:00Z	spin_columns	Adu-A_016	NA	NA	NA	NA	NA	NA	NA
2022_10_04_n45_elution-Goy-A_001	2022-10-04T00:00:00Z	2022_10_04_n45	Goy-APnd_001-067, Goy-ARom_001-019	FedEx	876934220555	2022-10-05T00:00:00Z	elution	Goy-A_001	Goy-A_001_E1	NA	NA	NA	NA	NA	NA
2022_10_04_n45_spin_columns-Goy-A_001	2022-10-04T00:00:00Z	2022_10_04_n45	Goy-APnd_001-067, Goy-ARom_001-019	FedEx	876934220555	2022-10-05T00:00:00Z	spin_columns	Goy-A_001	NA	NA	NA	NA	NA	NA	NA
2022_10_04_n45_elution-Mix-C_008	2022-10-04T00:00:00Z	2022_10_04_n45	Och-CTum_001-051, Lva-CPnd_049-057, Ppa-CPnd_039-043, Sne-CCab_001-015	FedEx	876934220555	2022-10-05T00:00:00Z	elution	Mix-C_008	Mix-C_008_E1	NA	NA	NA	NA	NA	NA
2022_10_04_n45_spin_columns-Mix-C_008	2022-10-04T00:00:00Z	2022_10_04_n45	Och-CTum_001-051, Lva-CPnd_049-057, Ppa-CPnd_039-043, Sne-CCab_001-015	FedEx	876934220555	2022-10-05T00:00:00Z	spin_columns	Mix-C_008	NA	NA	NA	NA	NA	NA	NA
2022_10_18_n46_elution-Mix-A_005	2022-10-18T00:00:00Z	2022_10_18_n46	Sne-ARom, Sne-ABir, Och-ACan	FedEx	?	2022-10-19T00:00:00Z	elution	Mix-A_005	Mix_A_005_E1	NA	NA	NA	NA	NA	NA
2022_10_18_n46_spin_columns-Mix-A_005	2022-10-18T00:00:00Z	2022_10_18_n46	Sne-ARom, Sne-ABir, Och-ACan	FedEx	?	2022-10-19T00:00:00Z	spin_columns	Mix-A_005	NA	NA	NA	NA	NA	NA	NA
2022_10_18_n46_elution-Sde-A_011	2022-10-18T00:00:00Z	2022_10_18_n46	Sde-ABol_001-096	FedEx	?	2022-10-19T00:00:00Z	elution	Sde-A_011	Sde-A_011_E1	NA	NA	NA	NA	NA	NA
2022_10_18_n46_spin_columns-Sde-A_011	2022-10-18T00:00:00Z	2022_10_18_n46	Sde-ABol_001-096	FedEx	?	2022-10-19T00:00:00Z	spin_columns	Sde-A_011	NA	NA	NA	NA	NA	NA	NA
2022_10_18_n46_elution-Sin-C_002	2022-10-18T00:00:00Z	2022_10_18_n46	LFVD, LFTW, Sin-CPnd	FedEx	?	2022-10-19T00:00:00Z	elution	Sin-C_002	Sin-C_002_E1	NA	NA	NA	NA	NA	NA
2022_10_18_n46_spin_columns-Sin-C_002	2022-10-18T00:00:00Z	2022_10_18_n46	LFVD, LFTW, Sin-CPnd	FedEx	?	2022-10-19T00:00:00Z	spin_columns	Sin-C_002	NA	NA	NA	NA	NA	NA	NA
2022_10_18_n46_elution-Sne-C_002	2022-10-18T00:00:00Z	2022_10_18_n46	Sne-CRom_001-094	FedEx	?	2022-10-19T00:00:00Z	elution	Sne-C_002	Sne-C_002_E1	NA	NA	NA	NA	NA	NA
2022_10_18_n46_spin_columns-Sne-C_002	2022-10-18T00:00:00Z	2022_10_18_n46	Sne-CRom_001-094	FedEx	?	2022-10-19T00:00:00Z	spin_columns	Sne-C_002	NA	NA	NA	NA	NA	NA	NA
2022_11_1_n47_elution-Mix-A_006	2022-11-01T00:00:00Z	2022_11_1_n47	Cha-APnd_001-040, Abu-APnd_001-055	FedEx	876934220588	2022-11-02T00:00:00Z	elution	Mix-A_006	Mix-A_006_E1	NA	NA	NA	NA	NA	NA
2022_11_1_n47_spin_columns-Mix-A_006	2022-11-01T00:00:00Z	2022_11_1_n47	Cha-APnd_001-040, Abu-APnd_001-055	FedEx	876934220588	2022-11-02T00:00:00Z	spin_columns	Mix-A_006	NA	NA	NA	NA	NA	NA	NA
2022_11_1_n47_elution-Psq-A_001	2022-11-01T00:00:00Z	2022_11_1_n47	Psq-AGal_001-096	FedEx	876934220588	2022-11-02T00:00:00Z	elution	Psq-A_001	Psq-A_001_E1	NA	NA	NA	NA	NA	NA
2022_11_1_n47_spin_columns-Psq-A_001	2022-11-01T00:00:00Z	2022_11_1_n47	Psq-AGal_001-096	FedEx	876934220588	2022-11-02T00:00:00Z	spin_columns	Psq-A_001	NA	NA	NA	NA	NA	NA	NA
2022_11_1_n47_elution-Eps-A_001	2022-11-01T00:00:00Z	2022_11_1_n47	Eps-ABai_001-096	FedEx	876934220588	2022-11-02T00:00:00Z	elution	Eps-A_001	Eps-A_001_E1	NA	NA	NA	NA	NA	NA
2022_11_1_n47_spin_columns-Eps-A_001	2022-11-01T00:00:00Z	2022_11_1_n47	Eps-ABai_001-096	FedEx	876934220588	2022-11-02T00:00:00Z	spin_columns	Eps-A_001	NA	NA	NA	NA	NA	NA	NA
2022_11_1_n47_elution-Sob-A_002	2022-11-01T00:00:00Z	2022_11_1_n47	Sob-APnd_001-096	FedEx	876934220588	2022-11-02T00:00:00Z	elution	Sob-A_002	Sob-A_002_E1	NA	NA	NA	NA	NA	NA
2022_11_1_n47_spin_columns-Sob-A_002	2022-11-01T00:00:00Z	2022_11_1_n47	Sob-APnd_001-096	FedEx	876934220588	2022-11-02T00:00:00Z	spin_columns	Sob-A_002	NA	NA	NA	NA	NA	NA	NA
2022_11_15_n48_elution-Sde-C_008	2022-11-15T00:00:00Z	2022_11_15_n48	Sde-CMal_001-069	FedEx	876931220599	2022-11-16T00:00:00Z	elution	Sde-C_008	Sde-C_008_E1	NA	NA	NA	NA	NA	NA
2022_11_15_n48_spin_columns-Sde-C_008	2022-11-15T00:00:00Z	2022_11_15_n48	Sde-CMal_001-069	FedEx	876934220599	2022-11-16T00:00:00Z	spin_columns	Sde-C_008	NA	NA	NA	NA	NA	NA	NA
2022_11_15_n48_elution-Pba-A_001	2022-11-15T00:00:00Z	2022_11_15_n48	Pba-ABur_001-057, Pba-ATat_001-021, Pba-ARom_001-013	FedEx	876934220599	2022-11-16T00:00:00Z	elution	Pba-A_001	Pba-A_001_E1	NA	NA	NA	NA	NA	Pba-ABur_035 does not exist, labels were created using lot sheet but jar only contained 34 (remaining ABur are from different lots)
2022_11_15_n48_spin_columns-Pba-A_001	2022-11-15T00:00:00Z	2022_11_15_n48	Pba-ABur_001-057, Pba-ATat_001-021, Pba-ARom_001-013	FedEx	876934220599	2022-11-16T00:00:00Z	spin_columns	Pba-A_001	NA	NA	NA	NA	NA	NA	Pba-ABur_035 does not exist, labels were created using lot sheet but jar only contained 34 (remaining ABur are from different lots)
2022_11_15_n48_elution-Mix-A_007	2022-11-15T00:00:00Z	2022_11_15_n48	Pba-AGal_001-020, Pba-AMar_001-014, Lva-APnd_001-047	FedEx	876934220599	2022-11-16T00:00:00Z	elution	Mix-A_007	Mix-A_007_E1	NA	NA	NA	NA	NA	NA
2022_11_15_n48_spin_columns-Mix-A_007	2022-11-15T00:00:00Z	2022_11_15_n48	Pba-AGal_001-020, Pba-AMar_001-014, Lva-APnd_001-047	FedEx	876934220599	2022-11-16T00:00:00Z	spin_columns	Mix-A_007	NA	NA	NA	NA	NA	NA	NA
2022_11_15_n48_elution-Mix-C_009	2022-11-15T00:00:00Z	2022_11_15_n48	Goy-CRag_001-045, Sob-CPnd_051-096	FedEx	876934220599	2022-11-16T00:00:00Z	elution	Mix-C_009	Mix-C_009_E1	NA	NA	NA	NA	NA	NA
2022_11_15_n48_spin_columns-Mix-C_009	2022-11-15T00:00:00Z	2022_11_15_n48	Goy-CRag_001-045, Sob-CPnd_051-096	FedEx	876934220599	2022-11-16T00:00:00Z	spin_columns	Mix-C_009	NA	NA	NA	NA	NA	NA	NA
2022_11_29_n49_elution-Och-A_001	2022-11-29T00:00:00Z	2022_11_29_n49	Och-ACat_001-041, Och-ATum_001-036	FedEx	876934220603	2022-11-30T00:00:00Z	elution	Och-A_001	Och-A_001_E1	NA	NA	NA	NA	NA	NA
2022_11_29_n49_spin_columns-Och-A_001	2022-11-29T00:00:00Z	2022_11_29_n49	Och-ACat_001-041, Och-ATum_001-036	FedEx	876934220603	2022-11-30T00:00:00Z	spin_columns	Och-A_001	NA	NA	NA	NA	NA	NA	NA
2022_11_29_n49_elution-Adu-A_017	2022-11-29T00:00:00Z	2022_11_29_n49	Adu-AMtg_001-096	FedEx	876934220603	2022-11-30T00:00:00Z	elution	Adu-A_017	Adu-A_017_E1	NA	NA	NA	NA	NA	NA
2022_11_29_n49_spin_columns-Adu-A_017	2022-11-29T00:00:00Z	2022_11_29_n49	Adu-AMtg_001-096	FedEx	876934220603	2022-11-30T00:00:00Z	spin_columns	Adu-A_017	NA	NA	NA	NA	NA	NA	NA
2022_11_29_n49_elution-Goy-C_002	2022-11-29T00:00:00Z	2022_11_29_n49	Goy-CPnd_001-096	FedEx	876934220603	2022-11-30T00:00:00Z	elution	Goy-C_002	Goy-C_002_E1	NA	NA	NA	NA	NA	NA
2022_11_29_n49_spin_columns-Goy-C_002	2022-11-29T00:00:00Z	2022_11_29_n49	Goy-CPnd_001-096	FedEx	876934220603	2022-11-30T00:00:00Z	spin_columns	Goy-C_002	NA	NA	NA	NA	NA	NA	NA
2022_11_29_n49_elution-Mix-A_008	2022-11-29T00:00:00Z	2022_11_29_n49	Pba-ABir_001-014, Pba-ARom_014-024, Pba-APal_001-010, Sfu-AGal_001-011, Ppa-APnd_001-023, Dar-AJol_001-021	FedEx	876934220603	2022-11-30T00:00:00Z	elution	Mix-A_008	Mix-A_008_E1	NA	NA	NA	NA	NA	NA
2022_11_29_n49_spin_columns-Mix-A_008	2022-11-29T00:00:00Z	2022_11_29_n49	Pba-ABir_001-014, Pba-ARom_014-024, Pba-APal_001-010, Sfu-AGal_001-011, Ppa-APnd_001-023, Dar-AJol_001-021	FedEx	876934220603	2022-11-30T00:00:00Z	spin_columns	Mix-A_008	NA	NA	NA	NA	NA	NA	NA
2023_01_13_n50_elution-Pli-C_002	2023-01-13T00:00:00Z	2023_01_13_n50	Pli-CJol_001-096	FedEx	876934220614	2023-01-14T00:00:00Z	elution	Pli-C_002	Pli-C_002_E1	NA	NA	NA	NA	NA	NA
2023_01_13_n50_spin_columns-Pli-C_002	2023-01-13T00:00:00Z	2023_01_13_n50	Pli-CJol_001-096	FedEx	876934220614	2023-01-14T00:00:00Z	spin_columns	Pli-C_002	NA	NA	NA	NA	NA	NA	NA
2023_01_13_n50_elution-Cvi-C_001	2023-01-13T00:00:00Z	2023_01_13_n50	Cvi-CPal_001-096	FedEx	876934220614	2023-01-14T00:00:00Z	elution	Cvi-C_001	Cvi-C_001_E1	NA	NA	NA	NA	NA	NA
2023_01_13_n50_spin_columns-Cvi-C_001	2023-01-13T00:00:00Z	2023_01_13_n50	Cvi-CPal_001-096	FedEx	876934220614	2023-01-14T00:00:00Z	spin_columns	Cvi-C_001	NA	NA	NA	NA	NA	NA	NA
2023_01_13_n50_elution-Mix-C_011	2023-01-13T00:00:00Z	2023_01_13_n50	Pbb-CVer_009-044, Pba-CMas_001-025, Pba-CCab_066-096	FedEx	876934220614	2023-01-14T00:00:00Z	elution	Mix-C_011	Mix-C_011_E1	Mix-C_011_E2	NA	NA	NA	NA	Only Mix-C_011_E2 was shipped
2023_01_13_n50_spin_columns-Mix-C_011	2023-01-13T00:00:00Z	2023_01_13_n50	Pbb-CVer_009-044, Pba-CMas_001-025, Pba-CCab_066-096	FedEx	876934220614	2023-01-14T00:00:00Z	spin_columns	Mix-C_011	NA	NA	NA	NA	NA	NA	NA
2023_01_13_n50_elution-Tzo-C_002	2023-01-13T00:00:00Z	2023_01_13_n50	Tzo-CMta_001-096	FedEx	876934220614	2023-01-14T00:00:00Z	elution	Tzo-C_002	Tzo-C_002_E1	NA	NA	NA	NA	NA	NA
2023_01_13_n50_spin_columns-Tzo-C_002	2023-01-13T00:00:00Z	2023_01_13_n50	Tzo-CMta_001-096	FedEx	876934220614	2023-01-14T00:00:00Z	spin_columns	Tzo-C_002	NA	NA	NA	NA	NA	NA	NA
2023_01_19_n51_elution-Sgr-C_004	2023-01-19T00:00:00Z	2023_01_19_n51	Sgr-CBir_001-096	FedEx	876934220625	2023-01-20T00:00:00Z	elution	Sgr-C_004	Sgr-C-004_E1	NA	NA	NA	NA	NA	NA
2023_01_19_n51_spin_columns-Sgr-C_004	2023-01-19T00:00:00Z	2023_01_19_n51	Sgr-CBir_001-096	FedEx	876934220625	2023-01-20T00:00:00Z	spin_columns	Sgr-C_004	NA	NA	NA	NA	NA	NA	NA
2023_01_19_n51_elution-Cha-C_001	2023-01-19T00:00:00Z	2023_01_19_n51	Cha-CPnd_001-078	FedEx	876934220625	2023-01-20T00:00:00Z	elution	Cha-C_001	Cha-C_001_E1	NA	NA	NA	NA	NA	NA
2023_01_19_n51_spin_columns-Cha-C_001	2023-01-19T00:00:00Z	2023_01_19_n51	Cha-CPnd_001-078	FedEx	876934220625	2023-01-20T00:00:00Z	spin_columns	Cha-C_001	NA	NA	NA	NA	NA	NA	NA
2023_01_19_n51_elution-Mix-A_009	2023-01-19T00:00:00Z	2023_01_19_n51	Pli-AJol_001-010, Pli-ARom_001-019, Pbb-AGal_001-037	FedEx	876934220625	2023-01-20T00:00:00Z	elution	Mix-A_009	Mix-A_009_E2	NA	NA	NA	NA	NA	NA
2023_01_19_n51_spin_columns-Mix-A_009	2023-01-19T00:00:00Z	2023_01_19_n51	Pli-AJol_001-010, Pli-ARom_001-019, Pbb-AGal_001-037	FedEx	876934220625	2023-01-20T00:00:00Z	spin_columns	Mix-A_009	NA	NA	NA	NA	NA	NA	NA
2023_01_19_n51_elution-Mix-A_010	2023-01-19T00:00:00Z	2023_01_19_n51	Cvi-APal_001-040, Zdi-ADup_001-037	FedEx	876934220625	2023-01-20T00:00:00Z	elution	Mix-A_010	Mix-A_010_E2	NA	NA	NA	NA	NA	NA
2023_01_19_n51_spin_columns-Mix-A_010	2023-01-19T00:00:00Z	2023_01_19_n51	Cvi-APal_001-040, Zdi-ADup_001-037	FedEx	876934220625	2023-01-20T00:00:00Z	spin_columns	Mix-A_010	NA	NA	NA	NA	NA	NA	NA
2023_02_08_n52_elution-Zdi-C_001	2023-02-08T00:00:00Z	2023_02_08_n52	Zdi-CDup_001-083	FedEx	876934220636	2023-02-09T00:00:00Z	elution	Zdi-C_001	Zdi-C_001_E1	NA	NA	NA	NA	NA	NA
2023_02_08_n52_spin_columns-Zdi-C_001	2023-02-08T00:00:00Z	2023_02_08_n52	Zdi-CDup_001-083	FedEx	876934220636	2023-02-09T00:00:00Z	spin_columns	Zdi-C_001	NA	NA	NA	NA	NA	NA	NA
2023_02_08_n52_elution-Sde-C_009	2023-02-08T00:00:00Z	2023_02_08_n52	Sde-CTay_001-096	FedEx	876934220636	2023-02-09T00:00:00Z	elution	Sde-C_009	Sde-C_009_E1	NA	NA	NA	NA	NA	NA
2023_02_08_n52_spin_columns-Sde-C_009	2023-02-08T00:00:00Z	2023_02_08_n52	Sde-CTay_001-096	FedEx	876934220636	2023-02-09T00:00:00Z	spin_columns	Sde-C_009	NA	NA	NA	NA	NA	NA	NA
2023_02_08_n52_elution-Sne-C_003	2023-02-08T00:00:00Z	2023_02_08_n52	Sne-CCab_016-096	FedEx	876934220636	2023-02-09T00:00:00Z	elution	Sne-C_003	Sne-C_003_E1	NA	NA	NA	NA	NA	NA
2023_02_08_n52_spin_columns-Sne-C_003	2023-02-08T00:00:00Z	2023_02_08_n52	Sne-CCab_016-096	FedEx	876934220636	2023-02-09T00:00:00Z	spin_columns	Sne-C_003	NA	NA	NA	NA	NA	NA	NA
2023_02_08_n52_elution-Adu-C_010	2023-02-08T00:00:00Z	2023_02_08_n52	Adu-CNar_001-096	FedEx	876934220636	2023-02-09T00:00:00Z	elution	Adu-C_010	Adu-C_010_E1	NA	NA	NA	NA	NA	NA
2023_02_08_n52_spin_columns-Adu-C_010	2023-02-08T00:00:00Z	2023_02_08_n52	Adu-CNar_001-096	FedEx	876934220636	2023-02-09T00:00:00Z	spin_columns	Adu-C_010	NA	NA	NA	NA	NA	NA	NA
2023_02_15_n53_elution-Adu-C_011	2023-02-15T00:00:00Z	2023_02_15_n53	Adu-CMal_001-096	FedEx	876934220647	2023-02-16T00:00:00Z	elution	Adu-C_011	Adu-C_011_E1	NA	NA	NA	NA	NA	NA
2023_02_15_n53_spin_columns-Adu-C_011	2023-02-15T00:00:00Z	2023_02_15_n53	Adu-CMal_001-096	FedEx	876934220647	2023-02-16T00:00:00Z	spin_columns	Adu-C_011	NA	NA	NA	NA	NA	NA	NA
2023_02_15_n53_elution-Psq-C_001	2023-02-15T00:00:00Z	2023_02_15_n53	Psq-CVer_009-088	FedEx	876934220647	2023-02-16T00:00:00Z	elution	Psq-C_001	Psq-C_001_E1	NA	NA	NA	NA	NA	NA
2023_02_15_n53_spin_columns-Psq-C_001	2023-02-15T00:00:00Z	2023_02_15_n53	Psq-CVer_009-088	FedEx	876934220647	2023-02-16T00:00:00Z	spin_columns	Psq-C_001	NA	NA	NA	NA	NA	NA	NA
2023_02_15_n53_elution-Pba-C_001	2023-02-15T00:00:00Z	2023_02_15_n53	Pba-CVer_001-096	FedEx	876934220647	2023-02-16T00:00:00Z	elution	Pba-C_001	Pba-C_001_E1	NA	NA	NA	NA	NA	NA
2023_02_15_n53_spin_columns-Pba-C_001	2023-02-15T00:00:00Z	2023_02_15_n53	Pba-CVer_001-096	FedEx	876934220647	2023-02-16T00:00:00Z	spin_columns	Pba-C_001	NA	NA	NA	NA	NA	NA	NA
2023_02_15_n53_elution-Mix-C_012	2023-02-15T00:00:00Z	2023_02_15_n53	Sfu-CGal_001-041, Gma-CRag_009-051	FedEx	876934220647	2023-02-16T00:00:00Z	elution	Mix-C_012	Mix-C_012_E1	NA	NA	NA	NA	NA	NA
2023_02_15_n53_spin_columns-Mix-C_012	2023-02-15T00:00:00Z	2023_02_15_n53	Sfu-CGal_001-041, Gma-CRag_009-051	FedEx	876934220647	2023-02-16T00:00:00Z	spin_columns	Mix-C_012	NA	NA	NA	NA	NA	NA	NA
2023_02_22_n54_elution-Pli-A_001	2023-02-22T00:00:00Z	2023_02_22_n54	Pli-AMvi_005-099	FedEx	876934220658	2023-02-23T00:00:00Z	elution	Pli-A_001	Pli-A_001_E1	NA	NA	NA	NA	NA	NA
2023_02_22_n54_spin_columns-Pli-A_001	2023-02-22T00:00:00Z	2023_02_22_n54	Pli-AMvi_005-099	FedEx	876934220658	2023-02-23T00:00:00Z	spin_columns	Pli-A_001	NA	NA	NA	NA	NA	NA	NA
2023_02_22_n54_elution-Pli-C_003	2023-02-22T00:00:00Z	2023_02_22_n54	Pli-CRom_001-096	FedEx	876934220658	2023-02-23T00:00:00Z	elution	Pli-C_003	Pli-C_003_E1	NA	NA	NA	NA	NA	NA
2023_02_22_n54_spin_columns-Pli-C_003	2023-02-22T00:00:00Z	2023_02_22_n54	Pli-CRom_001-096	FedEx	876934220658	2023-02-23T00:00:00Z	spin_columns	Pli-C_003	NA	NA	NA	NA	NA	NA	NA
2023_02_22_n54_elution-Mix-C_010	2023-02-22T00:00:00Z	2023_02_22_n54	Och-CCat_001-022, Pba-CCab_001-066	FedEx	876934220658	2023-02-23T00:00:00Z	elution	Mix-C_010	Mix-C_010_E1	NA	NA	NA	NA	NA	NA
2023_02_22_n54_spin_columns-Mix-C_010	2023-02-22T00:00:00Z	2023_02_22_n54	Och-CCat_001-022, Pba-CCab_001-066	FedEx	876934220658	2023-02-23T00:00:00Z	spin_columns	Mix-C_010	NA	NA	NA	NA	NA	NA	NA
2023_03_01_n55_elution-Dar-C_001	2023-03-01T00:00:00Z	2023_03_01_n55	Dar-CJol_009-096	FedEx	876934220669	NA	elution	Dar-C_001	Dar-C_001_E1	NA	NA	NA	NA	NA	NA
2023_03_01_n55_spin_columns-Dar-C_001	2023-03-01T00:00:00Z	2023_03_01_n55	Dar-CJol_009-096	FedEx	876934420669	NA	spin_columns	Dar-C_001	NA	NA	NA	NA	NA	NA	NA
2023_03_01_n55_elution-Ppa-C_001	2023-03-01T00:00:00Z	2023_03_01_n55	Ppa-CPnd_009-038	FedEx	876934420669	NA	elution	Ppa-C_001	Ppa-C_001_E2	NA	NA	NA	NA	NA	First elution contained very small amounts of DNA, second elution was done.
2023_03_01_n55_spin_columns-Ppa-C_001	2023-03-01T00:00:00Z	2023_03_01_n55	Ppa-CPnd_009-038	FedEx	876934420669	NA	spin_columns	Ppa-C_001	NA	NA	NA	NA	NA	NA	NA
2023_03_22_n56_elution-Pba-C_003	2023-03-22T00:00:00Z	2023_03_22_n56	Pba-CRom_001-096	FedEx	876934220670	NA	elution	Pba-C_003	Pba-C_003_E1	NA	NA	NA	NA	NA	NA
2023_03_22_n56_spin_columns-Pba-C_003	2023-03-22T00:00:00Z	2023_03_22_n56	Pba-CRom_001-096	FedEx	876934220670	NA	spin_columns	Pba-C_003	NA	NA	NA	NA	NA	NA	NA
2023_03_22_n56_elution-Pba-C_002	2023-03-22T00:00:00Z	2023_03_22_n56	Pba-CTat_009-096	FedEx	876934220670	NA	elution	Pba-C_002	Pba-C_002_E1	NA	NA	NA	NA	NA	NA
2023_03_22_n56_spin_columns-Pba-C_002	2023-03-22T00:00:00Z	2023_03_22_n56	Pba-CTat_009-096	FedEx	876934220670	NA	spin_columns	Pba-C_002	NA	NA	NA	NA	NA	NA	NA
2023_03_22_n56_elution-Och-C_002	2023-03-22T00:00:00Z	2023_03_22_n56	Och-CCat_023-096	FedEx	876934220670	NA	elution	Och-C_002	Och-C_002_E1	NA	NA	NA	NA	NA	NA
2023_03_22_n56_spin_columns-Och-C_002	2023-03-22T00:00:00Z	2023_03_22_n56	Och-CCat_023-096	FedEx	876934220670	NA	spin_columns	Och-C_002	NA	NA	NA	NA	NA	NA	NA
2023_03_22_n56_elution-Och-C_001	2023-03-22T00:00:00Z	2023_03_22_n56	Och-CBur_001-096	FedEx	876934220670	NA	elution	Och-C_001	Och-C_001_E1	NA	NA	NA	NA	NA	NA
2023_03_22_n56_spin_columns-Och-C_001	2023-03-22T00:00:00Z	2023_03_22_n56	Och-CBur_001-096	FedEx	876934220670	NA	spin_columns	Och-C_001	NA	NA	NA	NA	NA	NA	NA
