sequencing_batch_id	Species_Code	Era	Site_ID	Match_ID	collection_year_start	Sequencing_Type	#_of_individuals	Seq_run_number	Seq_Complete?	HPC_name	HPC_path	Read_Length	Project_Owner	Data_Uploaded_By	GEOME_Expedition_Name	GEOME_Expedition_GUID	NCBI_Bioproject_Accession_Number	NCBI_Project_Title	NCBI_Data_Public?	Sequencing_Notes
Abu_APnd__LCWGS_1	Abu	A	Pnd	Pand	NA	LCWGS	55	1	Yes	wahab.hpc.odu.edu	/archive/carpenterlab/pire/pire_ambassis_buruensis_lcwgs/1st_sequencing_run	PE_150	John_Whalen	NA	Abu_1909_CebuMarket_Cebu_lcwgs	NA	NA	NA	NA	NA
Abu_CPnd__LCWGS_1	Abu	C	Pnd	Pand	NA	LCWGS	64	1	Yes	wahab.hpc.odu.edu	/archive/carpenterlab/pire/pire_ambassis_buruensis_lcwgs/1st_sequencing_run	PE_150	John_Whalen	NA	Abu_2021_PandanonIsland_Bohol_lcwgs	NA	NA	NA	NA	NA
Abu_APnd__LCWGS_2	Abu	A	Pnd	Pand	NA	LCWGS	48	2	Yes	wahab.hpc.odu.edu	/archive/carpenterlab/pire/pire_ambassis_buruensis_lcwgs/2nd_sequencing_run	PE_150	John_Whalen	NA	Abu_1909_CebuMarket_Cebu_lcwgs	NA	NA	NA	NA	NA
Abu_CPnd__LCWGS_2	Abu	C	Pnd	Pand	NA	LCWGS	48	2	Yes	wahab.hpc.odu.edu	/archive/carpenterlab/pire/pire_ambassis_buruensis_lcwgs/2nd_sequencing_run	PE_150	John_Whalen	NA	Abu_2021_PandanonIsland_Bohol_lcwgs	NA	NA	NA	NA	NA
Abu_CPnd__SSL_1	Abu	C	Pnd	Pand	NA	SSL	1	1	Yes	wahab.hpc.odu.edu	/home/e1garcia/shotgun_PIRE/pire_ssl_data_processing/ambassis_buruensis	PE_150	John_Whalen	NA	NA	NA	NA	NA	NA	NA
Adu_ASub__LCWGS_1	Adu	A	Sub	SubB	NA	LCWGS	48	1	Yes	wahab.hpc.odu.edu	/archive/carpenterlab/pire/pire_atherinomorus_duodecimalis_lcwgs/1st_sequencing_run	PE_150	Brendan_Reid	NA	NA	NA	NA	NA	NA	NA
Adu_CSub__LCWGS_1	Adu	C	Sub	SubB	NA	LCWGS	48	1	Yes	wahab.hpc.odu.edu	/archive/carpenterlab/pire/pire_atherinomorus_duodecimalis_lcwgs/1st_sequencing_run	PE_150	Brendan_Reid	NA	NA	NA	NA	NA	NA	NA
Adu_ASub__LCWGS_2	Adu	A	Sub	SubB	NA	LCWGS	48	2	Yes	wahab.hpc.odu.edu	/archive/carpenterlab/pire/pire_atherinomorus_duodecimalis_lcwgs/2nd_sequencing_run	PE_150	Brendan_Reid	NA	NA	NA	NA	NA	NA	NA
Adu_CSub__LCWGS_2	Adu	C	Sub	SubB	NA	LCWGS	48	2	Yes	wahab.hpc.odu.edu	/archive/carpenterlab/pire/pire_atherinomorus_duodecimalis_lcwgs/2nd_sequencing_run	PE_150	Brendan_Reid	NA	NA	NA	NA	NA	NA	NA
Adu_CTag__LCWGS_1	Adu	C	Tag	Tagb	NA	LCWGS	64	1	NA	wahab.hpc.odu.edu	/archive/carpenterlab/pire/pire_atherinomorus_duodecimalis_lcwgs/1st_sequencing_run	PE_150	NA	NA	NA	NA	NA	NA	NA	NA
Adu_ATag__LCWGS_1	Adu	A	Tag	Tagb	NA	LCWGS	40	1	NA	wahab.hpc.odu.edu	/archive/carpenterlab/pire/pire_atherinomorus_duodecimalis_lcwgs/1st_sequencing_run	PE_150	NA	NA	NA	NA	NA	NA	NA	NA
Adu_CTag__LCWGS_2	Adu	C	Tag	Tagb	NA	LCWGS	48	2	NA	wahab.hpc.odu.edu	/archive/carpenterlab/pire/pire_atherinomorus_duodecimalis_lcwgs/4th_sequencing_run	PE_150	NA	NA	NA	NA	NA	NA	NA	NA
Adu_ATag__LCWGS_2	Adu	A	Tag	Tagb	NA	LCWGS	40	2	NA	wahab.hpc.odu.edu	/archive/carpenterlab/pire/pire_atherinomorus_duodecimalis_lcwgs/4th_sequencing_run	PE_150	NA	NA	NA	NA	NA	NA	NA	NA
Adu_AGui__LCWGS_1	Adu	A	Gui	Guij	NA	LCWGS	NA	1	NA	wahab.hpc.odu.edu	NA	NA	NA	NA	NA	NA	NA	NA	NA	NA
Adu_CGui__LCWGS_1	Adu	C	Gui	Guij	NA	LCWGS	NA	1	NA	wahab.hpc.odu.edu	NA	NA	NA	NA	NA	NA	NA	NA	NA	NA
Adu_CGal__LCWGS_1	Adu	C	Gal	PGal	NA	LCWGS	NA	1	NA	wahab.hpc.odu.edu	NA	NA	NA	NA	NA	NA	NA	NA	NA	NA
Adu_AHam__LCWGS_1	Adu	A	Ham	HamC	NA	LCWGS	NA	1	NA	wahab.hpc.odu.edu	NA	NA	NA	NA	NA	NA	NA	NA	NA	NA
Adu_CHam__LCWGS_1	Adu	C	Ham	HamC	NA	LCWGS	NA	1	NA	wahab.hpc.odu.edu	NA	NA	NA	NA	NA	NA	NA	NA	NA	NA
Adu_AMat__LCWGS_1	Adu	A	Mat	MatB	NA	LCWGS	NA	1	NA	wahab.hpc.odu.edu	NA	NA	NA	NA	NA	NA	NA	NA	NA	NA
Adu_CMat__LCWGS_1	Adu	C	Mat	MatB	NA	LCWGS	NA	1	NA	wahab.hpc.odu.edu	NA	NA	NA	NA	NA	NA	NA	NA	NA	NA
Adu_ATaw__LCWGS_1	Adu	A	Taw	Tawi	NA	LCWGS	NA	1	NA	wahab.hpc.odu.edu	NA	NA	NA	NA	NA	NA	NA	NA	NA	NA
Adu_CTaw__LCWGS_1	Adu	C	Taw	Tawi	NA	LCWGS	NA	1	NA	wahab.hpc.odu.edu	NA	NA	NA	NA	NA	NA	NA	NA	NA	NA
Aen_AHam__CSSL_1	Aen	A	Ham	HamC	NA	CSSL	60	1	Yes	wahab.hpc.odu.edu	/home/e1garcia/shotgun_PIRE/pire_cssl_data_processing/atherinomorus_endrachtensis	PE_150	Rene_Clark	Kyra_Fitz	Aen_1908_Nasugbu_Batangas	https://n2t.net/ark:/21547/FLX2	PRJNA990820	Atherinomorus_endrachtensis_1908_Nasugbu_Batangas_CaptureSeq	Yes	NA
Aen_CBat__CSSL_1	Aen	C	Bat	HamC	NA	CSSL	95	1	Yes	wahab.hpc.odu.edu	/home/e1garcia/shotgun_PIRE/pire_cssl_data_processing/atherinomorus_endrachtensis	PE_150	Rene_Clark	Kyra_Fitz	Aen_2018_Nasugbu_Batangas	https://n2t.net/ark:/21547/FLd2	PRJNA991591	Atherinomorus_endrachtensis_2018_Nasugbu_Batangas_CaptureSeq	Yes	NA
Cha_APnd_1909_LCWGS_1	Cha	A	Pnd	Pand	1909	LCWGS	NA	1	No	wahab.hpc.odu.edu	/archive/carpenterlab/pire/pire_corythoichthys_haematopterus_lcwgs/1st_sequencing_run	PE_150	John_Whalen	NA	Cha_1909_PandanonIsland_Bohol_lcwgs	NA	NA	NA	NA	NA
Cha_APnd_1908_LCWGS_1	Cha	A	Pnd	Pand	1908	LCWGS	NA	1	No	wahab.hpc.odu.edu	/archive/carpenterlab/pire/pire_corythoichthys_haematopterus_lcwgs/1st_sequencing_run	PE_150	John_Whalen	NA	Cha_1908_PandanonIsland_Bohol_lcwgs	NA	NA	NA	NA	SiteID_Pnd_on_Wahab
Cha_CPnd__LCWGS_1	Cha	C	Pnd	Pand	NA	LCWGS	64	1	No	wahab.hpc.odu.edu	/archive/carpenterlab/pire/pire_corythoichthys_haematopterus_lcwgs/1st_sequencing_run	PE_150	John_Whalen	NA	Cha_2021_PandanonIsland_Bohol_lcwgs	NA	NA	NA	NA	NA
Cha_APnd_1909_LCWGS_2	Cha	A	Pnd	Pand	1909	LCWGS	NA	2	No	wahab.hpc.odu.edu	/archive/carpenterlab/pire/pire_corythoichthys_haematopterus_lcwgs/2nd_sequencing_run	PE_150	John_Whalen	NA	Cha_1909_PandanonIsland_Bohol_lcwgs	NA	NA	NA	NA	NA
Cha_ACeb_1908_LCWGS_2	Cha	A	Ceb	Pand	1908	LCWGS	NA	2	No	wahab.hpc.odu.edu	/archive/carpenterlab/pire/pire_corythoichthys_haematopterus_lcwgs/1st_sequencing_run	PE_150	John_Whalen	NA	Cha_1908_PandanonIsland_Bohol_lcwgs	NA	NA	NA	NA	SiteID_Pnd_on_Wahab
Cha_CPnd__LCWGS_2	Cha	C	Pnd	Pand	NA	LCWGS	48	2	No	wahab.hpc.odu.edu	/archive/carpenterlab/pire/pire_corythoichthys_haematopterus_lcwgs/2nd_sequencing_run	PE_150	John_Whalen	NA	Cha_2021_PandanonIsland_Bohol_lcwgs	NA	NA	NA	NA	NA
Cha_CPnd__SSL_1	Cha	C	Pnd	Pand	NA	SSL	1	1	Yes	wahab.hpc.odu.edu	/home/e1garcia/shotgun_PIRE/pire_ssl_data_processing/corythoichthys_haematopterus	PE_150	John_Whalen	NA	NA	NA	NA	NA	NA	NA
Cvi_APal__LCWGS_1	Cvi	A	Pal	Bali	NA	LCWGS	40	1	Yes	wahab.hpc.odu.edu	/home/e1garcia/shotgun_PIRE/pire_lcwgs_data_processing/chromis_viridis/1st_sequencing_run	PE_150	Jem_Baldisimo	NA	NA	NA	NA	NA	NA	NA
Cvi_CPal__LCWGS_1	Cvi	C	Pal	Bali	NA	LCWGS	64	1	Yes	wahab.hpc.odu.edu	/home/e1garcia/shotgun_PIRE/pire_lcwgs_data_processing/chromis_viridis/1st_sequencing_run	PE_150	Jem_Baldisimo	NA	NA	NA	NA	NA	NA	NA
Cvi_APal__LCWGS_2	Cvi	A	Pal	Bali	NA	LCWGS	40	2	Yes	wahab.hpc.odu.edu	/home/e1garcia/shotgun_PIRE/pire_lcwgs_data_processing/chromis_viridis/2nd_sequencing_run	PE_150	Jem_Baldisimo	NA	NA	NA	NA	NA	NA	NA
Cvi_CPal__LCWGS_2	Cvi	C	Pal	Bali	NA	LCWGS	48	2	Yes	wahab.hpc.odu.edu	/home/e1garcia/shotgun_PIRE/pire_lcwgs_data_processing/chromis_viridis/2nd_sequencing_run	PE_150	Jem_Baldisimo	NA	NA	NA	NA	NA	NA	NA
Cvi_CPal__SSL_1	Cvi	C	Pal	Bali	NA	SSL	1	1	Yes	wahab.hpc.odu.edu	/home/e1garcia/shotgun_PIRE/pire_ssl_data_processing/chromis_viridis	PE_150	Jem_Baldisimo	NA	NA	NA	NA	NA	NA	NA
Dar_AJol__LCWGS_1	Dar	A	Jol	Jolo	NA	LCWGS	21	1	No	wahab.hpc.odu.edu	/home/e1garcia/shotgun_PIRE/pire_lcwgs_data_processing/dascyllus_aruanus/1st_sequencing_run	PE_150	Jem_Baldisimo	NA	NA	NA	NA	NA	NA	NA
Dar_CJol__LCWGS_1	Dar	C	Jol	Jolo	NA	LCWGS	64	1	No	wahab.hpc.odu.edu	/home/e1garcia/shotgun_PIRE/pire_lcwgs_data_processing/dascyllus_aruanus/1st_sequencing_run	PE_150	Jem_Baldisimo	NA	NA	NA	NA	NA	NA	NA
Dar_CJol__SSL_1	Dar	C	Jol	Jolo	NA	SSL	1	1	Yes	wahab.hpc.odu.edu	/home/e1garcia/shotgun_PIRE/pire_ssl_data_processing/dascyllus_aruanus	PE_150	Jem_Baldisimo	NA	NA	NA	NA	NA	NA	NA
Dar_AJol__LCWGS_2	Dar	A	Jol	Jolo	NA	LCWGS	NA	2	NA	wahab.hpc.odu.edu	NA	NA	NA	NA	NA	NA	NA	NA	NA	NA
Dar_CJol__LCWGS_2	Dar	C	Jol	Jolo	NA	LCWGS	NA	2	NA	wahab.hpc.odu.edu	NA	NA	NA	NA	NA	NA	NA	NA	NA	NA
Eps_CBai__SSL_1	Eps	C	Bai	Bais	NA	SSL	1	1	Yes	wahab.hpc.odu.edu	/home/e1garcia/shotgun_PIRE/pire_ssl_data_processing/encrasicholina_pseudoheteroloba	PE_150	dropped_species	NA	NA	NA	NA	NA	NA	Sequencing_data_weird-dropping_from_priority_list
Gma_CRag__SSL_1	Gma	C	Rag	RagR	NA	SSL	1	1	Yes	wahab.hpc.odu.edu	/home/e1garcia/shotgun_PIRE/pire_ssl_data_processing/gerres_macracanthus	PE_150	NA	NA	NA	NA	NA	NA	NA	NA
Gmi_ABas__CSSL_1	Gmi	A	Bas	Basu	NA	CSSL	28	1	Yes	wahab.hpc.odu.edu	/home/e1garcia/shotgun_PIRE/pire_cssl_data_processing/gazza_minuta/1st_sequencing_run	PE_150	Chandy_Jablonski	NA	NA	NA	NA	NA	NA	NA
Gmi_CBas__CSSL_1	Gmi	C	Bas	Basu	NA	CSSL	92	1	Yes	wahab.hpc.odu.edu	/home/e1garcia/shotgun_PIRE/pire_cssl_data_processing/gazza_minuta/1st_sequencing_run	PE_150	Chandy_Jablonski	NA	NA	NA	NA	NA	NA	NA
Gmi_ABas__CSSL_2	Gmi	A	Bas	Basu	NA	CSSL	52	2	Yes	wahab.hpc.odu.edu	/home/e1garcia/shotgun_PIRE/pire_cssl_data_processing/gazza_minuta/2nd_sequencing_run	PE_150	Chandy_Jablonski	NA	NA	NA	NA	NA	NA	NA
Gmi_CBas__CSSL_2	Gmi	C	Bas	Basu	NA	CSSL	61	2	Yes	wahab.hpc.odu.edu	/home/e1garcia/shotgun_PIRE/pire_cssl_data_processing/gazza_minuta/2nd_sequencing_run	PE_150	Chandy_Jablonski	NA	NA	NA	NA	NA	NA	NA
Gmi_AHam__CSSL_1	Gmi	A	Ham	HamC	NA	CSSL	33	1	Yes	wahab.hpc.odu.edu	/home/e1garcia/shotgun_PIRE/pire_cssl_data_processing/gazza_minuta/1st_sequencing_run	PE_150	Rene_Clark	Kyra_Fitz	Gmi_1908_Nasugbu_Batangas	https://n2t.net/ark:/21547/FMB2	PRJNA998057	Gazza_minuta_1908_Nasugbu_Batangas_CaptureSeq	No	NA
Gmi_CBat__CSSL_1	Gmi	C	Bat	HamC	NA	CSSL	96	1	Yes	wahab.hpc.odu.edu	/home/e1garcia/shotgun_PIRE/pire_cssl_data_processing/gazza_minuta/1st_sequencing_run	PE_150	Rene_Clark	Kyra_Fitz	Gmi_2018_Nasugbu_Batangas	https://n2t.net/ark:/21547/FMH2	PRJNA998814	Gazza_minuta_2018_Nasugbu_Batangas_CaptureSeq	No	NA
Gmi_AHam__CSSL_2	Gmi	A	Ham	HamC	NA	CSSL	68	2	Yes	wahab.hpc.odu.edu	/home/e1garcia/shotgun_PIRE/pire_cssl_data_processing/gazza_minuta/2nd_sequencing_run	PE_150	Rene_Clark	Kyra_Fitz	Gmi_1908_Nasugbu_Batangas	https://n2t.net/ark:/21547/FMB2	PRJNA998057	Gazza_minuta_1908_Nasugbu_Batangas_CaptureSeq	No	NA
Gmi_CBat__CSSL_2	Gmi	C	Bat	HamC	NA	CSSL	64	2	Yes	wahab.hpc.odu.edu	/home/e1garcia/shotgun_PIRE/pire_cssl_data_processing/gazza_minuta/2nd_sequencing_run	PE_150	Rene_Clark	Kyra_Fitz	Gmi_2018_Nasugbu_Batangas	https://n2t.net/ark:/21547/FMH2	PRJNA998814	Gazza_minuta_2018_Nasugbu_Batangas_CaptureSeq	No	NA
Goy_APnd_1909_LCWGS_1	Goy	A	Pnd	Pand	1909	LCWGS	67	1	Yes	wahab.hpc.odu.edu	/archive/carpenterlab/pire/pire_gerres_oyena_lcwgs/1st_sequencing_run	PE_150	John_Whalen	Gianna_Mazzei	Goy_1909_Getafe_Bohol_lcwgs	https://n2t.net/ark:/21547/FvB2	PRJNA1193264	Gerres_oyena_1909_Getafe_Bohol_lcwgs	No	Albatross_separated_into_two_expeditions_since_individuals_(001-054)_and_(055-067)_differed_by_year_and_municipality
Goy_APnd_1908_LCWGS_1	Goy	A	Pnd	Pand	1908	LCWGS	13	1	Yes	wahab.hpc.odu.edu	/archive/carpenterlab/pire/pire_gerres_oyena_lcwgs/1st_sequencing_run	PE_150	John_Whalen	Gianna_Mazzei	Goy_1908_Calape_Bohol_lcwgs	https://n2t.net/ark:/21547/FvH2	PRJNA1193122	Gerres_oyena_1908_Calape_Bohol_lcwgs	No	Albatross_separated_into_two_expeditions_since_individuals_(001-054)_and_(055-067)_differed_by_year_and_municipality.SiteID_Pnd_on_Wahab
Goy_CPnd__LCWGS_1	Goy	C	Pnd	Pand	NA	LCWGS	64	1	Yes	wahab.hpc.odu.edu	/archive/carpenterlab/pire/pire_gerres_oyena_lcwgs/1st_sequencing_run	PE_150	John_Whalen	Gianna_Mazzei	Goy_2021_Getafe_Bohol_lcwgs	https://n2t.net/ark:/21547/FvN2	PRJNA1193268	Gerres_oyena_2021_Getafe_Bohol_lcwgs	No	NA
Goy_APnd_1909_LCWGS_2	Goy	A	Pnd	Pand	1909	LCWGS	48	2	Yes	wahab.hpc.odu.edu	/archive/carpenterlab/pire/pire_gerres_oyena_lcwgs/2nd_sequencing_run	PE_150	John_Whalen	Gianna_Mazzei	Goy_1909_Getafe_Bohol_lcwgs	https://n2t.net/ark:/21547/FvB2	PRJNA1193264	Gerres_oyena_1909_Getafe_Bohol_lcwgs	No	Albatross_separated_into_two_expeditions_since_individuals_(001-054)_and_(055-067)_differed_by_year_and_municipality
Goy_APnd_1908_LCWGS_2	Goy	A	Pnd	Pand	1908	LCWGS	7	2	Yes	wahab.hpc.odu.edu	/archive/carpenterlab/pire/pire_gerres_oyena_lcwgs/2nd_sequencing_run	PE_150	John_Whalen	Gianna_Mazzei	Goy_1908_Calape_Bohol_lcwgs	https://n2t.net/ark:/21547/FvH2	PRJNA1193122	Gerres_oyena_1908_Calape_Bohol_lcwgs	No	Albatross_separated_into_two_expeditions_since_individuals_(001-054)_and_(055-067)_differed_by_year_and_municipality.SiteID_Pnd_on_Wahab
Goy_CPnd__LCWGS_2	Goy	C	Pnd	Pand	NA	LCWGS	48	2	Yes	wahab.hpc.odu.edu	/archive/carpenterlab/pire/pire_gerres_oyena_lcwgs/2nd_sequencing_run	PE_150	John_Whalen	Gianna_Mazzei	Goy_2021_Getafe_Bohol_lcwgs	https://n2t.net/ark:/21547/FvN2	PRJNA1193268	Gerres_oyena_2021_Getafe_Bohol_lcwgs	No	NA
Goy_CPas__SSL_1	Goy	C	Pas	RagR	NA	SSL	1	1	Yes	wahab.hpc.odu.edu	/home/e1garcia/shotgun_PIRE/pire_ssl_data_processing/gerres_oyena	PE_150	John_Whalen	NA	NA	NA	NA	NA	NA	NA
Hmi_CBas__CSSL_1	Hmi	C	Bas	Daet	NA	CSSL	47	1	Yes	wahab.hpc.odu.edu	/home/e1garcia/shotgun_PIRE/pire_cssl_data_processing/halichoeres_miniatus	PE_150	Brendan_Reid	Gianna_Mazzei	Hmi_2019_Mercedes_Camarines-Norte_cssl	https://n2t.net/ark:/21547/FwF2	PRJNA1197495	Halichoeres_miniatus_2019_Mercedes_Camarines-Norte_CaptureSeq	No	low_coverage,_in_the_queue_for_more_sequencing_as_of_12/20/2023_(René_and_Brendan)
Hmi_CPar__CSSL_1	Hmi	C	Par	Daet	NA	CSSL	48	1	Yes	wahab.hpc.odu.edu	/home/e1garcia/shotgun_PIRE/pire_cssl_data_processing/halichoeres_miniatus	PE_150	Brendan_Reid	Gianna_Mazzei	Hmi_2019_Paracale_Camarines-Norte_cssl	https://n2t.net/ark:/21547/FwL2	PRJNA1197494	Halichoeres_miniatus_2019_Paracale_Camarines-Norte_CaptureSeq	No	low_coverage,_in_the_queue_for_more_sequencing_as_of_12/20/2023_(René_and_Brendan)
Hmi_CBas__CSSL_2	Hmi	C	Bas	Daet	NA	CSSL	47	2	Yes	wahab.hpc.odu.edu	/archive/carpenterlab/pire/pire_halichoeres_miniatus_cssl/2nd_sequencing_run	PE_150	NA	Gianna_Mazzei	Hmi_2019_Mercedes_Camarines-Norte_cssl	https://n2t.net/ark:/21547/FwF2	PRJNA1197495	Halichoeres_miniatus_2019_Mercedes_Camarines-Norte_CaptureSeq	No	NA
Hmi_CPar__CSSL_2	Hmi	C	Par	Daet	NA	CSSL	48	2	Yes	wahab.hpc.odu.edu	/archive/carpenterlab/pire/pire_halichoeres_miniatus_cssl/2nd_sequencing_run	PE_150	NA	Gianna_Mazzei	Hmi_2019_Paracale_Camarines-Norte_cssl	https://n2t.net/ark:/21547/FwL2	PRJNA1197494	Halichoeres_miniatus_2019_Paracale_Camarines-Norte_CaptureSeq	No	NA
Hmi_ABas__CSSL_1	Hmi	A	Bas	Daet	NA	CSSL	43	1	Yes	wahab.hpc.odu.edu	/home/e1garcia/shotgun_PIRE/pire_cssl_data_processing/halichoeres_miniatus	PE_150	Brendan_Reid	Gianna_Mazzei	Hmi_1909_Mercedes_Camarines-Norte_cssl	https://n2t.net/ark:/21547/Fvt2	PRJNA1197750	Halichoeres_miniatus_1909_Mercedes_Camarines-Norte_CaptureSeq	No	low_coverage,_in_the_queue_for_more_sequencing_as_of_12/20/2023_(René_and_Brendan)
Hmi_AMac__CSSL_1	Hmi	A	Mac	Daet	NA	CSSL	49	1	Yes	wahab.hpc.odu.edu	/home/e1garcia/shotgun_PIRE/pire_cssl_data_processing/halichoeres_miniatus	PE_150	Brendan_Reid	Gianna_Mazzei	Hmi_1909_Paracale_Camarines-Norte_cssl	https://n2t.net/ark:/21547/Fvz2	PRJNA1197752	Halichoeres_miniatus_1909_Paracale_Camarines-Norte_CaptureSeq	No	low_coverage,_in_the_queue_for_more_sequencing_as_of_12/20/2023_(René_and_Brendan)
Hmi_CPar__SSL_1	Hmi	C	Par	Daet	NA	SSL	1	1	Yes	wahab.hpc.odu.edu	/home/e1garcia/shotgun_PIRE/pire_ssl_data_processing/halichoeres_miniatus	PE_150	Brendan_Reid	NA	NA	NA	NA	NA	NA	NA
Hqu_CNas__SSL_1	Hqu	C	Nas	Nasu	NA	SSL	1	1	Yes	wahab.hpc.odu.edu	/home/e1garcia/shotgun_PIRE/pire_ssl_data_processing/herklotsichthys_quadrimaculatus	PE_150	Brendan_Reid	NA	NA	NA	NA	NA	NA	NA
Hte_ATic__CSSL_1	Hte	A	Tic	MatB	NA	CSSL	54	1	Yes	wahab.hpc.odu.edu	/home/e1garcia/shotgun_PIRE/pire_cssl_data_processing/hypoatherina_temminckii	PE_150	NA	NA	NA	NA	NA	NA	NA	Per_lot_sheet,_this_appears_to_be_a_mix_of_H._temminckii_and_H._panatela_(M._Pinsky_2023-11-14)
Hte_ABur__LCWGS_1	Hte	A	Bur	CanB	NA	LCWGS	95	1	No	wahab.hpc.odu.edu	/home/e1garcia/shotgun_PIRE/pire_lcwgs_data_processing/hypoatherina_temminckii/1st_sequencing_run	PE_150	Brendan_Reid	NA	NA	NA	NA	NA	NA	NA
Hte_CBur__LCWGS_1	Hte	C	Bur	CanB	NA	LCWGS	64	1	No	wahab.hpc.odu.edu	/home/e1garcia/shotgun_PIRE/pire_lcwgs_data_processing/hypoatherina_temminckii/1st_sequencing_run	PE_150	Brendan_Reid	NA	NA	NA	NA	NA	NA	NA
Hte_AJol__LCWGS_1	Hte	A	Jol	Jolo	NA	LCWGS	96	1	No	wahab.hpc.odu.edu	/home/e1garcia/shotgun_PIRE/pire_lcwgs_data_processing/hypoatherina_temminckii/1st_sequencing_run	PE_150	NA	NA	NA	NA	NA	NA	NA	NA
Hte_CJol__LCWGS_1	Hte	C	Jol	Jolo	NA	LCWGS	64	1	No	wahab.hpc.odu.edu	/home/e1garcia/shotgun_PIRE/pire_lcwgs_data_processing/hypoatherina_temminckii/1st_sequencing_run	PE_150	NA	NA	NA	NA	NA	NA	NA	NA
Hte_AMvi__LCWGS_1	Hte	A	Mvi	Masi	NA	LCWGS	57	1	No	wahab.hpc.odu.edu	/home/e1garcia/shotgun_PIRE/pire_lcwgs_data_processing/hypoatherina_temminckii/1st_sequencing_run	PE_150	NA	NA	NA	NA	NA	NA	NA	NA
Hte_CMvi__LCWGS_1	Hte	C	Mvi	Masi	NA	LCWGS	58	1	No	wahab.hpc.odu.edu	/home/e1garcia/shotgun_PIRE/pire_lcwgs_data_processing/hypoatherina_temminckii/1st_sequencing_run	PE_150	NA	NA	NA	NA	NA	NA	NA	NA
Hte_ATic__LCWGS_1	Hte	A	Tic	MatB	NA	LCWGS	82	1	No	wahab.hpc.odu.edu	/home/e1garcia/shotgun_PIRE/pire_lcwgs_data_processing/hypoatherina_temminckii/1st_sequencing_run	PE_150	NA	NA	NA	NA	NA	NA	NA	NA
Hte_CTic__LCWGS_1	Hte	C	Tic	MatB	NA	LCWGS	63	1	No	wahab.hpc.odu.edu	/home/e1garcia/shotgun_PIRE/pire_lcwgs_data_processing/hypoatherina_temminckii/1st_sequencing_run	PE_150	NA	NA	NA	NA	NA	NA	NA	NA
Hte_APnd__LCWGS_1	Hte	A	Pnd	Pand	NA	LCWGS	32	1	No	wahab.hpc.odu.edu	/archive/carpenterlab/pire/pire_hypoatherina_temminckii_lcwgs/1st_sequencing_run	PE_150	John_Whalen	NA	Hte_1909_PandanonIsland_Bohol_lcwgs	NA	NA	NA	NA	NA
Hte_CPnd__LCWGS_1	Hte	C	Pnd	Pand	NA	LCWGS	NA	1	No	wahab.hpc.odu.edu	/archive/carpenterlab/pire/pire_hypoatherina_temminckii_lcwgs/1st_sequencing_run	PE_150	John_Whalen	NA	Hte_2021_PandanonIsland_Bohol_lcwgs	NA	NA	NA	NA	NA
Hte_APnd__LCWGS_2	Hte	A	Pnd	Pand	NA	LCWGS	32	2	No	wahab.hpc.odu.edu	/archive/carpenterlab/pire/pire_hypoatherina_temminckii_lcwgs/2nd_sequencing_run	PE_150	John_Whalen	NA	Hte_1909_PandanonIsland_Bohol_lcwgs	NA	NA	NA	NA	NA
Hte_CPnd__LCWGS_2	Hte	C	Pnd	Pand	NA	LCWGS	NA	2	No	wahab.hpc.odu.edu	/archive/carpenterlab/pire/pire_hypoatherina_temminckii_lcwgs/2nd_sequencing_run	PE_150	John_Whalen	NA	Hte_2021_PandanonIsland_Bohol_lcwgs	NA	NA	NA	NA	NA
Hte_ATaw__LCWGS_1	Hte	A	Taw	Tawi	NA	LCWGS	78	1	No	wahab.hpc.odu.edu	/home/e1garcia/shotgun_PIRE/pire_lcwgs_data_processing/hypoatherina_temminckii/1st_sequencing_run	PE_150	NA	NA	NA	NA	NA	NA	NA	NA
Hte_CTaw__LCWGS_1	Hte	C	Taw	Tawi	NA	LCWGS	64	1	No	wahab.hpc.odu.edu	/home/e1garcia/shotgun_PIRE/pire_lcwgs_data_processing/hypoatherina_temminckii/1st_sequencing_run	PE_150	NA	NA	NA	NA	NA	NA	NA	NA
Hte_CTic__SSL_1	Hte	C	Tic	MatB	NA	SSL	0	1	Yes	wahab.hpc.odu.edu	/home/e1garcia/shotgun_PIRE/pire_ssl_data_processing/hypoatherina_temminckii	PE_150	NA	NA	NA	NA	NA	NA	NA	Directory_only_has_probe_design
Hte_ABur__LCWGS_2	Hte	A	Bur	CanB	NA	LCWGS	NA	2	NA	wahab.hpc.odu.edu	NA	NA	NA	NA	NA	NA	NA	NA	NA	NA
Hte_CBur__LCWGS_2	Hte	C	Bur	CanB	NA	LCWGS	NA	2	NA	wahab.hpc.odu.edu	NA	NA	NA	NA	NA	NA	NA	NA	NA	NA
Hte_AJol__LCWGS_2	Hte	A	Jol	Jolo	NA	LCWGS	NA	2	NA	wahab.hpc.odu.edu	NA	NA	NA	NA	NA	NA	NA	NA	NA	NA
Hte_CJol__LCWGS_2	Hte	C	Jol	Jolo	NA	LCWGS	NA	2	NA	wahab.hpc.odu.edu	NA	NA	NA	NA	NA	NA	NA	NA	NA	NA
Hte_AMvi__LCWGS_2	Hte	A	Mvi	Masi	NA	LCWGS	NA	2	NA	wahab.hpc.odu.edu	NA	NA	NA	NA	NA	NA	NA	NA	NA	NA
Hte_CMvi__LCWGS_2	Hte	C	Mvi	Masi	NA	LCWGS	NA	2	NA	wahab.hpc.odu.edu	NA	NA	NA	NA	NA	NA	NA	NA	NA	NA
Hte_ATaw__LCWGS_2	Hte	A	Taw	Tawi	NA	LCWGS	NA	2	NA	wahab.hpc.odu.edu	NA	NA	NA	NA	NA	NA	NA	NA	NA	NA
Hte_CTaw__LCWGS_2	Hte	C	Taw	Tawi	NA	LCWGS	NA	2	NA	wahab.hpc.odu.edu	NA	NA	NA	NA	NA	NA	NA	NA	NA	NA
Leq_ABas__CSSL_1	Leq	A	Bas	SMig	NA	CSSL	52	1	Yes	wahab.hpc.odu.edu	/home/e1garcia/shotgun_PIRE/pire_cssl_data_processing/leiognathus_equula/1st_sequencing_run	PE_150	Brendan_Reid	NA	NA	NA	NA	NA	NA	NA
Leq_CMig__CSSL_1	Leq	C	Mig	SMig	NA	CSSL	62	1	Yes	wahab.hpc.odu.edu	/home/e1garcia/shotgun_PIRE/pire_cssl_data_processing/leiognathus_equula/1st_sequencing_run	PE_150	Brendan_Reid	NA	NA	NA	NA	NA	NA	NA
Leq_ABas__CSSL_2	Leq	A	Bas	SMig	NA	CSSL	46	2	Yes	wahab.hpc.odu.edu	/home/e1garcia/shotgun_PIRE/pire_cssl_data_processing/leiognathus_equula/2nd_sequencing_run	PE_150	Brendan_Reid	NA	NA	NA	NA	NA	NA	NA
Leq_CMig__CSSL_2	Leq	C	Mig	SMig	NA	CSSL	6	2	Yes	wahab.hpc.odu.edu	/home/e1garcia/shotgun_PIRE/pire_cssl_data_processing/leiognathus_equula/2nd_sequencing_run	PE_150	Brendan_Reid	NA	NA	NA	NA	NA	NA	NA
Lle_AHam__CSSL_1	Lle	A	Ham	HamC	NA	CSSL	32	1	Yes	wahab.hpc.odu.edu	/home/e1garcia/shotgun_PIRE/pire_cssl_data_processing/leiognathus_leuciscus	PE_150	Rene_Clark	Kyra_Fitz	Ela_1908_Nasugbu_Batangas	https://n2t.net/ark:/21547/FMR2	PRJNA998845	Equulites_laterofenestra_1908_Nasugbu_Batangas_CaptureSeq	No	Originally_identified_as_Leiognathus_leuciscus,_later_identification_corrected_to_Equulites_laterofenestra
Lle_CNas__CSSL_1	Lle	C	Nas	HamC	NA	CSSL	96	1	Yes	wahab.hpc.odu.edu	/home/e1garcia/shotgun_PIRE/pire_cssl_data_processing/leiognathus_leuciscus	PE_150	Rene_Clark	Kyra_Fitz	Ela_2018_Nasugbu_Batangas	https://n2t.net/ark:/21547/FMX2	PRJNA999299	Equulites_laterofenestra_2018_Nasugbu_Batangas_CaptureSeq	No	Originally_identified_as_Leiognathus_leuciscus,_later_identification_corrected_to_Equulites_laterofenestra
Sfa_CBas__SSL_1	Sfa	C	Bas	Basu	NA	SSL	1	1	Yes	wahab.hpc.odu.edu	/home/e1garcia/shotgun_PIRE/pire_ssl_data_processing/salarias_fasciatus	PE_150	NA	NA	NA	NA	NA	NA	NA	NA
Lva_APnd__LCWGS_1	Lva	A	Pnd	Pand	NA	LCWGS	47	1	No	wahab.hpc.odu.edu	/archive/carpenterlab/pire/pire_lethrinus_variegatus_lcwgs/1st_sequencing_run	PE_150	John_Whalen	NA	Lva_1909_PandanonIsland_Bohol_lcwgs	NA	NA	NA	NA	NA
Lva_CPnd__LCWGS_1	Lva	C	Pnd	Pand	NA	LCWGS	48	1	No	wahab.hpc.odu.edu	/archive/carpenterlab/pire/pire_lethrinus_variegatus_lcwgs/1st_sequencing_run	PE_150	John_Whalen	NA	Lva_2021_PandanonIsland_Bohol_lcwgs	NA	NA	NA	NA	NA
Lva_APnd__LCWGS_2	Lva	A	Pnd	Pand	NA	LCWGS	47	2	NA	wahab.hpc.odu.edu	/archive/carpenterlab/pire/pire_lethrinus_variegatus_lcwgs/2nd_sequencing_run	PE_150	John_Whalen	NA	Lva_1909_PandanonIsland_Bohol_lcwgs	NA	NA	NA	NA	NA
Lva_CPnd__LCWGS_2	Lva	C	Pnd	Pand	NA	LCWGS	48	2	NA	wahab.hpc.odu.edu	/archive/carpenterlab/pire/pire_lethrinus_variegatus_lcwgs/2nd_sequencing_run	PE_150	John_Whalen	NA	Lva_2021_PandanonIsland_Bohol_lcwgs	NA	NA	NA	NA	NA
Lva_APnd__LCWGS_3	Lva	A	Pnd	Pand	NA	LCWGS	47	3	NA	wahab.hpc.odu.edu	/archive/carpenterlab/pire/pire_lethrinus_variegatus_lcwgs/3rd_sequencing_run	PE_150	John_Whalen	NA	Lva_1909_PandanonIsland_Bohol_lcwgs	NA	NA	NA	NA	NA
Lva_CPnd__LCWGS_3	Lva	C	Pnd	Pand	NA	LCWGS	48	3	NA	wahab.hpc.odu.edu	/archive/carpenterlab/pire/pire_lethrinus_variegatus_lcwgs/3rd_sequencing_run	PE_150	John_Whalen	NA	Lva_2021_PandanonIsland_Bohol_lcwgs	NA	NA	NA	NA	NA
Lva_CPnd__SSL_1	Lva	C	Pnd	Pand	NA	SSL	1	1	Yes	wahab.hpc.odu.edu	/home/e1garcia/shotgun_PIRE/pire_ssl_data_processing/lethrinus_variegatus	PE_150	John_Whalen	NA	NA	NA	NA	NA	NA	NA
Och_CTum__SSL_1	Och	C	Tum	Tumi	NA	SSL	1	1	Yes	wahab.hpc.odu.edu	/home/e1garcia/shotgun_PIRE/pire_ssl_data_processing/ostorhinchus_chrysopomus	PE_150	NA	NA	NA	NA	NA	NA	NA	NA
Och_ACat__LCWGS_1	Och	A	Cat	Catb	NA	LCWGS	NA	1	NA	wahab.hpc.odu.edu	NA	NA	NA	NA	NA	NA	NA	NA	NA	NA
Och_ATum__LCWGS_1	Och	A	Tum	Tumi	NA	LCWGS	NA	1	NA	wahab.hpc.odu.edu	NA	NA	NA	NA	NA	NA	NA	NA	NA	NA
Och_CCat__LCWGS_1	Och	C	Cat	Catb	NA	LCWGS	NA	1	NA	wahab.hpc.odu.edu	NA	NA	NA	NA	NA	NA	NA	NA	NA	NA
Och_CTum__LCWGS_1	Och	C	Tum	Tumi	NA	LCWGS	NA	1	NA	wahab.hpc.odu.edu	NA	NA	NA	NA	NA	NA	NA	NA	NA	NA
Och_ACat__LCWGS_2	Och	A	Cat	Catb	NA	LCWGS	NA	2	NA	wahab.hpc.odu.edu	NA	NA	NA	NA	NA	NA	NA	NA	NA	NA
Och_ATum__LCWGS_2	Och	A	Tum	Tumi	NA	LCWGS	NA	2	NA	wahab.hpc.odu.edu	NA	NA	NA	NA	NA	NA	NA	NA	NA	NA
Och_CCat__LCWGS_2	Och	C	Cat	Catb	NA	LCWGS	NA	2	NA	wahab.hpc.odu.edu	NA	NA	NA	NA	NA	NA	NA	NA	NA	NA
Och_CTum__LCWGS_2	Och	C	Tum	Tumi	NA	LCWGS	NA	2	NA	wahab.hpc.odu.edu	NA	NA	NA	NA	NA	NA	NA	NA	NA	NA
Och_ACan__LCWGS_3	Och	A	Can	CanB	NA	LCWGS	NA	3	NA	wahab.hpc.odu.edu	NA	NA	NA	NA	NA	NA	NA	NA	NA	NA
Och_CBur__LCWGS_3	Och	C	Bur	CanB	NA	LCWGS	NA	3	NA	wahab.hpc.odu.edu	NA	NA	NA	NA	NA	NA	NA	NA	NA	NA
Och_ACan__LCWGS_4	Och	A	Can	CanB	NA	LCWGS	NA	4	NA	wahab.hpc.odu.edu	NA	NA	NA	NA	NA	NA	NA	NA	NA	NA
Och_ACat__LCWGS_4	Och	A	Cat	Catb	NA	LCWGS	NA	4	NA	wahab.hpc.odu.edu	NA	NA	NA	NA	NA	NA	NA	NA	NA	NA
Och_ATum__LCWGS_4	Och	A	Tum	Tumi	NA	LCWGS	NA	4	NA	wahab.hpc.odu.edu	NA	NA	NA	NA	NA	NA	NA	NA	NA	NA
Och_CBur__LCWGS_4	Och	C	Bur	CanB	NA	LCWGS	NA	4	NA	wahab.hpc.odu.edu	NA	NA	NA	NA	NA	NA	NA	NA	NA	NA
Och_CCat__LCWGS_4	Och	C	Cat	Catb	NA	LCWGS	NA	4	NA	wahab.hpc.odu.edu	NA	NA	NA	NA	NA	NA	NA	NA	NA	NA
Och_CTum__LCWGS_4	Och	C	Tum	Tumi	NA	LCWGS	NA	4	NA	wahab.hpc.odu.edu	NA	NA	NA	NA	NA	NA	NA	NA	NA	NA
Par_ARag__LCWGS_1	Par	A	Rag	RagR	NA	LCWGS	21	1	Yes	wahab.hpc.odu.edu	/home/e1garcia/shotgun_PIRE/pire_lcwgs_data_processing/periophthalmus_argentilineatus/1st_sequencing_run	PE_150	Brendan_Reid	NA	NA	NA	NA	NA	NA	NA
Par_CPas__LCWGS_1	Par	C	Pas	RagR	NA	LCWGS	50	1	Yes	wahab.hpc.odu.edu	/home/e1garcia/shotgun_PIRE/pire_lcwgs_data_processing/periophthalmus_argentilineatus/1st_sequencing_run	PE_150	Brendan_Reid	NA	NA	NA	NA	NA	NA	NA
Par_ARag__LCWGS_2	Par	A	Rag	RagR	NA	LCWGS	21	2	Yes	wahab.hpc.odu.edu	/home/e1garcia/shotgun_PIRE/pire_lcwgs_data_processing/periophthalmus_argentilineatus/2nd_sequencing_run	PE_150	Brendan_Reid	NA	NA	NA	NA	NA	NA	NA
Par_CRag__LCWGS_2	Par	C	Rag	RagR	NA	LCWGS	50	2	Yes	wahab.hpc.odu.edu	/home/e1garcia/shotgun_PIRE/pire_lcwgs_data_processing/periophthalmus_argentilineatus/2nd_sequencing_run	PE_150	Brendan_Reid	NA	NA	NA	NA	NA	NA	NA
Par_CPas__SSL_1	Par	C	Pas	RagR	NA	SSL	1	1	Yes	wahab.hpc.odu.edu	/home/e1garcia/shotgun_PIRE/pire_ssl_data_processing/periophthalmus_argentilineatus	PE_150	Brendan_Reid	NA	NA	NA	NA	NA	NA	NA
Pba_CTat__SSL_1	Pba	C	Tat	Tata	NA	SSL	1	1	Yes	wahab.hpc.odu.edu	/home/e1garcia/shotgun_PIRE/pire_ssl_data_processing/pomacentrus_brachialis	PE_150	Jem_Baldisimo	NA	NA	NA	NA	NA	NA	NA
Pba_ABir__LCWGS_1	Pba	A	Bir	Bali	NA	LCWGS	NA	1	NA	wahab.hpc.odu.edu	NA	NA	NA	NA	NA	NA	NA	NA	NA	NA
Pba_ABur__LCWGS_1	Pba	A	Bur	Buri	NA	LCWGS	NA	1	NA	wahab.hpc.odu.edu	NA	NA	NA	NA	NA	NA	NA	NA	NA	NA
Pba_AGal__LCWGS_1	Pba	A	Gal	PGal	NA	LCWGS	NA	1	NA	wahab.hpc.odu.edu	NA	NA	NA	NA	NA	NA	NA	NA	NA	NA
Pba_AMar__LCWGS_1	Pba	A	Mar	PGal	NA	LCWGS	NA	1	NA	wahab.hpc.odu.edu	NA	NA	NA	NA	NA	NA	NA	NA	NA	NA
Pba_APal__LCWGS_1	Pba	A	Pal	Bali	NA	LCWGS	NA	1	NA	wahab.hpc.odu.edu	NA	NA	NA	NA	NA	NA	NA	NA	NA	NA
Pba_ATat__LCWGS_1	Pba	A	Tat	Tata	NA	LCWGS	NA	1	NA	wahab.hpc.odu.edu	NA	NA	NA	NA	NA	NA	NA	NA	NA	NA
Pba_CCab__LCWGS_1	Pba	C	Cab	Bali	NA	LCWGS	NA	1	NA	wahab.hpc.odu.edu	NA	NA	NA	NA	NA	NA	NA	NA	NA	NA
Pba_CMas__LCWGS_1	Pba	C	Mas	Buri	NA	LCWGS	NA	1	NA	wahab.hpc.odu.edu	NA	NA	NA	NA	NA	NA	NA	NA	NA	NA
Pba_CTat__LCWGS_1	Pba	C	Tat	Tata	NA	LCWGS	NA	1	NA	wahab.hpc.odu.edu	NA	NA	NA	NA	NA	NA	NA	NA	NA	NA
Pba_CVer__LCWGS_1	Pba	C	Ver	PGal	NA	LCWGS	NA	1	NA	wahab.hpc.odu.edu	NA	NA	NA	NA	NA	NA	NA	NA	NA	NA
Pba_ABir__LCWGS_2	Pba	A	Bir	Bali	NA	LCWGS	NA	2	NA	wahab.hpc.odu.edu	NA	NA	NA	NA	NA	NA	NA	NA	NA	NA
Pba_ABur__LCWGS_2	Pba	A	Bur	Buri	NA	LCWGS	NA	2	NA	wahab.hpc.odu.edu	NA	NA	NA	NA	NA	NA	NA	NA	NA	NA
Pba_AGal__LCWGS_2	Pba	A	Gal	PGal	NA	LCWGS	NA	2	NA	wahab.hpc.odu.edu	NA	NA	NA	NA	NA	NA	NA	NA	NA	NA
Pba_AMar__LCWGS_2	Pba	A	Mar	PGal	NA	LCWGS	NA	2	NA	wahab.hpc.odu.edu	NA	NA	NA	NA	NA	NA	NA	NA	NA	NA
Pba_APal__LCWGS_2	Pba	A	Pal	Bali	NA	LCWGS	NA	2	NA	wahab.hpc.odu.edu	NA	NA	NA	NA	NA	NA	NA	NA	NA	NA
Pba_ATat__LCWGS_2	Pba	A	Tat	Tata	NA	LCWGS	NA	2	NA	wahab.hpc.odu.edu	NA	NA	NA	NA	NA	NA	NA	NA	NA	NA
Pba_CCab__LCWGS_2	Pba	C	Cab	Bali	NA	LCWGS	NA	2	NA	wahab.hpc.odu.edu	NA	NA	NA	NA	NA	NA	NA	NA	NA	NA
Pba_CMas__LCWGS_2	Pba	C	Mas	Buri	NA	LCWGS	NA	2	NA	wahab.hpc.odu.edu	NA	NA	NA	NA	NA	NA	NA	NA	NA	NA
Pba_CTat__LCWGS_2	Pba	C	Tat	Tata	NA	LCWGS	NA	2	NA	wahab.hpc.odu.edu	NA	NA	NA	NA	NA	NA	NA	NA	NA	NA
Pba_CVer__LCWGS_2	Pba	C	Ver	PGal	NA	LCWGS	NA	2	NA	wahab.hpc.odu.edu	NA	NA	NA	NA	NA	NA	NA	NA	NA	NA
Pbb_AGal__LCWGS_1	Pbb	A	Gal	PGal	NA	LCWGS	36	1	Yes	wahab.hpc.odu.edu	/home/e1garcia/shotgun_PIRE/pire_lcwgs_data_processing/parupeneus_barberinus/1st_sequencing_run	PE_150	NA	Gianna_Mazzei	Pbb_1908_Puerto-Galera_Oriental-Mindoro_lcwgs	https://n2t.net/ark:/21547/Fpk2	PRJNA1171860	Parupeneus_barberinus_1908_Puerto-Galera_Oriental-Mindoro_lcwgs	No	NA
Pbb_CGal__LCWGS_1	Pbb	C	Gal	PGal	NA	LCWGS	36	1	Yes	wahab.hpc.odu.edu	/home/e1garcia/shotgun_PIRE/pire_lcwgs_data_processing/parupeneus_barberinus/1st_sequencing_run	PE_150	NA	Gianna_Mazzei	Pbb_2022_Batangas-City_Batangas_lcwgs	https://n2t.net/ark:/21547/FqK2	PRJNA1170328	Parupeneus_barberinus_2022_Batangas-City_Batangas_lcwgs	No	2_location_codes:_individuals_001-008_CGal,_009_and_on_CVer._All_are_from_the_same_lot-_naming_convention_changed_after_001-008_were_used_as_probes
Pbb_CVer__LCWGS_1	Pbb	C	Ver	PGal	NA	LCWGS	8	1	Yes	wahab.hpc.odu.edu	/home/e1garcia/shotgun_PIRE/pire_lcwgs_data_processing/parupeneus_barberinus/1st_sequencing_run	PE_150	NA	Gianna_Mazzei	Pbb_2022_Batangas-City_Batangas_lcwgs	https://n2t.net/ark:/21547/FqK2	PRJNA1170328	Parupeneus_barberinus_2022_Batangas-City_Batangas_lcwgs	No	2_location_codes:_individuals_001-008_CGal,_009_and_on_CVer._All_are_from_the_same_lot-_naming_convention_changed_after_001-008_were_used_as_probes
Pbb_AGal__LCWGS_2	Pbb	A	Gal	PGal	NA	LCWGS	32	2	Yes	wahab.hpc.odu.edu	/archive/carpenterlab/pire/pire_parupeneus_barberinus_lcwgs/2nd_sequencing_run	PE_150	NA	Gianna_Mazzei	Pbb_1908_Puerto-Galera_Oriental-Mindoro_lcwgs	https://n2t.net/ark:/21547/Fpk2	PRJNA1171860	Parupeneus_barberinus_1908_Puerto-Galera_Oriental-Mindoro_lcwgs	No	NA
Pbb_CGal__LCWGS_2	Pbb	C	Gal	PGal	NA	LCWGS	36	2	Yes	wahab.hpc.odu.edu	/archive/carpenterlab/pire/pire_parupeneus_barberinus_lcwgs/2nd_sequencing_run	PE_150	NA	Gianna_Mazzei	Pbb_2022_Batangas-City_Batangas_lcwgs	https://n2t.net/ark:/21547/FqK2	PRJNA1170328	Parupeneus_barberinus_2022_Batangas-City_Batangas_lcwgs	No	2_location_codes:_individuals_001-008_CGal,_009_and_on_CVer._All_are_from_the_same_lot-_naming_convention_changed_after_001-008_were_used_as_probes
Pbb_CVer__LCWGS_2	Pbb	C	Ver	PGal	NA	LCWGS	8	2	Yes	wahab.hpc.odu.edu	/archive/carpenterlab/pire/pire_parupeneus_barberinus_lcwgs/2nd_sequencing_run	PE_150	NA	Gianna_Mazzei	Pbb_2022_Batangas-City_Batangas_lcwgs	https://n2t.net/ark:/21547/FqK2	PRJNA1170328	Parupeneus_barberinus_2022_Batangas-City_Batangas_lcwgs	No	2_location_codes:_individuals_001-008_CGal,_009_and_on_CVer._All_are_from_the_same_lot-_naming_convention_changed_after_001-008_were_used_as_probes
Pbb_CGal__SSL_1	Pbb	C	Gal	PGal	NA	SSL	1	1	Yes	wahab.hpc.odu.edu	/home/e1garcia/shotgun_PIRE/pire_ssl_data_processing/parupeneus_barberinus	PE_150	Jem_Baldisimo	NA	NA	NA	NA	NA	NA	NA
Pli_AMvi__LCWGS_1	Pli	A	Mvi	Masi	NA	LCWGS	96	1	No	wahab.hpc.odu.edu	/home/e1garcia/shotgun_PIRE/pire_lcwgs_data_processing/plotosus_lineatus/1st_sequencing_run	PE_150	Jem_Baldisimo	NA	NA	NA	NA	NA	NA	NA
Pli_CMvi__LCWGS_1	Pli	C	Mvi	Masi	NA	LCWGS	54	1	No	wahab.hpc.odu.edu	/home/e1garcia/shotgun_PIRE/pire_lcwgs_data_processing/plotosus_lineatus/1st_sequencing_run	PE_150	Jem_Baldisimo	NA	NA	NA	NA	NA	NA	NA
Pli_CMvi__SSL_1	Pli	C	Mvi	Masi	NA	SSL	1	1	Yes	wahab.hpc.odu.edu	/home/e1garcia/shotgun_PIRE/pire_ssl_data_processing/plotosus_lineatus	PE_150	Brendan_Reid	NA	NA	NA	NA	NA	NA	NA
Ppa_CPnd__SSL_1	Ppa	C	Pnd	Pand	NA	SSL	1	1	Yes	wahab.hpc.odu.edu	/home/e1garcia/shotgun_PIRE/pire_ssl_data_processing/pomacentrus_pavo	PE_150	NA	NA	NA	NA	NA	NA	NA	NA
Psq_AGal__LCWGS_1	Psq	A	Gal	PGal	NA	LCWGS	87	1	No	wahab.hpc.odu.edu	/home/e1garcia/shotgun_PIRE/pire_lcwgs_data_processing/pseudanthias_squamipinnis/1st_sequencing_run	PE_150	Jem_Baldisimo	NA	NA	NA	NA	NA	NA	NA
Psq_CVer__LCWGS_1	Psq	C	Ver	PGal	NA	LCWGS	64	1	No	wahab.hpc.odu.edu	/home/e1garcia/shotgun_PIRE/pire_lcwgs_data_processing/pseudanthias_squamipinnis/1st_sequencing_run	PE_150	Jem_Baldisimo	NA	NA	NA	NA	NA	NA	NA
Psq_CGal__SSL_1	Psq	C	Gal	PGal	NA	SSL	1	1	Yes	wahab.hpc.odu.edu	/home/e1garcia/shotgun_PIRE/pire_ssl_data_processing/pseudanthias_squamipinnis	PE_150	Jem_Baldisimo	NA	NA	NA	NA	NA	NA	NA
Psq_AGal__LCWGS_2	Psq	A	Gal	PGal	NA	LCWGS	NA	2	NA	wahab.hpc.odu.edu	NA	NA	NA	NA	NA	NA	NA	NA	NA	NA
Psq_CVer__LCWGS_2	Psq	C	Ver	PGal	NA	LCWGS	NA	2	NA	wahab.hpc.odu.edu	NA	NA	NA	NA	NA	NA	NA	NA	NA	NA
Sde_AMat__CSSL_1	Sde	A	Mat	MatB	NA	CSSL	90	1	Yes	wahab.hpc.odu.edu	/home/e1garcia/shotgun_PIRE/pire_cssl_data_processing/spratelloides_delicatulus	PE_150	Eric_Garcia	Gianna_Mazzei	Sde_1909_Matnog_Sorsogon_cssl	https://n2t.net/ark:/21547/FwY2	PRJNA1197748	Spratelloides_delicatulus_1909_Matnog_Sorsogon_CaptureSeq	No	NA
Sde_CMat__CSSL_1	Sde	C	Mat	MatB	NA	CSSL	87	1	Yes	wahab.hpc.odu.edu	/home/e1garcia/shotgun_PIRE/pire_cssl_data_processing/spratelloides_delicatulus	PE_150	Eric_Garcia	Gianna_Mazzei	Sde_2017_Bulan_Sorsogon_cssl	https://n2t.net/ark:/21547/FwS2	PRJNA1197565	Spratelloides_delicatulus_2017_Bulan_Sorsogon_CaptureSeq	No	NA
Sde_AMat__CSSL_2	Sde	A	Mat	MatB	NA	CSSL	2	2	Yes	wahab.hpc.odu.edu	/archive/carpenterlab/pire/pire_spratelloides_delicatulus_cssl/2nd_sequencing_run	PE_150	NA	Gianna_Mazzei	Sde_1909_Matnog_Sorsogon_cssl	https://n2t.net/ark:/21547/FwY2	PRJNA1197748	Spratelloides_delicatulus_1909_Matnog_Sorsogon_CaptureSeq	No	NA
Sde_CMat__CSSL_2	Sde	C	Mat	MatB	NA	CSSL	2	2	Yes	wahab.hpc.odu.edu	/archive/carpenterlab/pire/pire_spratelloides_delicatulus_cssl/2nd_sequencing_run	PE_150	NA	Gianna_Mazzei	Sde_2017_Bulan_Sorsogon_cssl	https://n2t.net/ark:/21547/FwS2	PRJNA1197565	Spratelloides_delicatulus_2017_Bulan_Sorsogon_CaptureSeq	No	NA
Sde_AMar__CSSL_1	Sde	A	Mar	PMar	NA	CSSL	59	1	Yes	wahab.hpc.odu.edu	/home/e1garcia/shotgun_PIRE/pire_cssl_data_processing/spratelloides_delicatulus	PE_150	Eric_Garcia	NA	NA	NA	NA	NA	NA	NA
Sde_CHam__CSSL_1	Sde	C	Ham	PMar	NA	CSSL	58	1	Yes	wahab.hpc.odu.edu	/home/e1garcia/shotgun_PIRE/pire_cssl_data_processing/spratelloides_delicatulus	PE_150	Eric_Garcia	NA	NA	NA	NA	NA	NA	NA
Sde_ABol__LCWGS_1	Sde	A	Bol	Mala	NA	LCWGS	71	1	No	wahab.hpc.odu.edu	/home/e1garcia/shotgun_PIRE/pire_lcwgs_data_processing/spratelloides_delicatulus/1st_sequencing_run	PE_150	NA	NA	NA	NA	NA	NA	NA	NA
Sde_CMal__LCWGS_1	Sde	C	Mal	Mala	NA	LCWGS	63	1	No	wahab.hpc.odu.edu	/home/e1garcia/shotgun_PIRE/pire_lcwgs_data_processing/spratelloides_delicatulus/1st_sequencing_run	PE_150	NA	NA	NA	NA	NA	NA	NA	NA
Sde_CMat__SSL_1	Sde	C	Mat	MatB	NA	SSL	1	1	Yes	wahab.hpc.odu.edu	/home/e1garcia/shotgun_PIRE/pire_ssl_data_processing/spratelloides_delicatulus	PE_150	Eric_Garcia	NA	NA	NA	NA	NA	NA	NA
Sfa_ABas__CSSL_1	Sfa	A	Bas	Basu	NA	CSSL	32	1	Yes	wahab.hpc.odu.edu	/home/e1garcia/shotgun_PIRE/pire_cssl_data_processing/salarias_fasciatus	PE_150	Jem_Baldisimo	John_Schaeffer	NA	NA	NA	NA	NA	NA
Sfa_CBas__CSSL_1	Sfa	C	Bas	Basu	NA	CSSL	49	1	Yes	wahab.hpc.odu.edu	/home/e1garcia/shotgun_PIRE/pire_cssl_data_processing/salarias_fasciatus	PE_150	Jem_Baldisimo	John_Schaeffer	NA	NA	NA	NA	NA	NA
Sfa_ABas__LCWGS_1	Sfa	A	Bas	Basu	NA	LCWGS	32	1	Yes	wahab.hpc.odu.edu	/home/e1garcia/shotgun_PIRE/pire_lcwgs_data_processing/salarias_fasciatus/1st_sequencing_run	PE_150	Jem_Baldisimo	Gianna_Mazzei	Sfa_1909_Mercedes_Camarines-Norte_lcwgs	https://n2t.net/ark:/21547/Fvh2	PRJNA1197747	Salarias_fasciatus_1909_Mercedes_Camarines-Norte_lcwgs	No	NA
Sfa_CBas__LCWGS_1	Sfa	C	Bas	Basu	NA	LCWGS	49	1	Yes	wahab.hpc.odu.edu	/home/e1garcia/shotgun_PIRE/pire_lcwgs_data_processing/salarias_fasciatus/1st_sequencing_run	PE_150	Jem_Baldisimo	Gianna_Mazzei	Sfa_2019_Mercedes_Camarines-Norte_lcwgs	https://n2t.net/ark:/21547/Fvn2	PRJNA1196103	Salarias_fasciatus_2019_Mercedes_Camarines-Norte_lcwgs	No	NA
Sfa_ABas__LCWGS_2	Sfa	A	Bas	Basu	NA	LCWGS	35	2	Yes	wahab.hpc.odu.edu	/home/e1garcia/shotgun_PIRE/pire_lcwgs_data_processing/salarias_fasciatus/2nd_sequencing_run	PE_150	Jem_Baldisimo	Gianna_Mazzei	Sfa_1909_Mercedes_Camarines-Norte_lcwgs	https://n2t.net/ark:/21547/Fvh2	PRJNA1197747	Salarias_fasciatus_1909_Mercedes_Camarines-Norte_lcwgs	No	NA
Sfa_CBas__LCWGS_2	Sfa	C	Bas	Basu	NA	LCWGS	64	2	Yes	wahab.hpc.odu.edu	/home/e1garcia/shotgun_PIRE/pire_lcwgs_data_processing/salarias_fasciatus/2nd_sequencing_run	PE_150	Jem_Baldisimo	Gianna_Mazzei	Sfa_2019_Mercedes_Camarines-Norte_lcwgs	https://n2t.net/ark:/21547/Fvn2	PRJNA1196103	Salarias_fasciatus_2019_Mercedes_Camarines-Norte_lcwgs	No	NA
Sfa_ABas__LCWGS_3	Sfa	A	Bas	Basu	NA	LCWGS	35	3	Yes	wahab.hpc.odu.edu	/home/e1garcia/shotgun_PIRE/pire_lcwgs_data_processing/salarias_fasciatus/3rd_sequencing_run	PE_150	Jem_Baldisimo	Gianna_Mazzei	Sfa_1909_Mercedes_Camarines-Norte_lcwgs	https://n2t.net/ark:/21547/Fvh2	PRJNA1197747	Salarias_fasciatus_1909_Mercedes_Camarines-Norte_lcwgs	No	NA
Sfa_CBas__LCWGS_3	Sfa	C	Bas	Basu	NA	LCWGS	48	3	Yes	wahab.hpc.odu.edu	/home/e1garcia/shotgun_PIRE/pire_lcwgs_data_processing/salarias_fasciatus/3rd_sequencing_run	PE_150	Jem_Baldisimo	Gianna_Mazzei	Sfa_2019_Mercedes_Camarines-Norte_lcwgs	https://n2t.net/ark:/21547/Fvn2	PRJNA1196103	Salarias_fasciatus_2019_Mercedes_Camarines-Norte_lcwgs	No	NA
Sfu_ABai__LCWGS_1	Sfu	A	Bai	Bais	NA	LCWGS	8	1	No	wahab.hpc.odu.edu	/home/e1garcia/shotgun_PIRE/pire_lcwgs_data_processing/siganus_fuscescens/1st_sequencing_run	PE_150	NA	NA	NA	NA	NA	NA	NA	NA
Sfu_CBai__SSL_1	Sfu	C	Bai	Bais	NA	SSL	1	1	Yes	wahab.hpc.odu.edu	/home/e1garcia/shotgun_PIRE/pire_ssl_data_processing/siganus_fuscescens	PE_150	NA	NA	NA	NA	NA	NA	NA	NA
Sgr_AJol__CSSL_1	Sgr	A	Jol	Jolo	NA	CSSL	92	1	Yes	wahab.hpc.odu.edu	/home/e1garcia/shotgun_PIRE/pire_cssl_data_processing/spratelloides_gracilis	PE_150	NA	NA	NA	NA	NA	NA	NA	coverage_was_very_low
Sgr_CJol__CSSL_1	Sgr	C	Jol	Jolo	NA	CSSL	61	1	Yes	wahab.hpc.odu.edu	/home/e1garcia/shotgun_PIRE/pire_cssl_data_processing/spratelloides_gracilis	PE_150	NA	NA	NA	NA	NA	NA	NA	coverage_was_very_low
Sgr_AMvi__CSSL_1	Sgr	A	Mvi	Masi	NA	CSSL	86	1	Yes	wahab.hpc.odu.edu	/home/e1garcia/shotgun_PIRE/pire_cssl_data_processing/spratelloides_gracilis	PE_150	NA	NA	NA	NA	NA	NA	NA	coverage_was_very_low
Sgr_CMvi__CSSL_1	Sgr	C	Mvi	Masi	NA	CSSL	64	1	Yes	wahab.hpc.odu.edu	/home/e1garcia/shotgun_PIRE/pire_cssl_data_processing/spratelloides_gracilis	PE_150	NA	NA	NA	NA	NA	NA	NA	coverage_was_very_low
Sgr_APal__CSSL_1	Sgr	A	Pal	Samr	NA	CSSL	37	1	Yes	wahab.hpc.odu.edu	/home/e1garcia/shotgun_PIRE/pire_cssl_data_processing/spratelloides_gracilis	PE_150	NA	NA	NA	NA	NA	NA	NA	coverage_was_very_low
Sgr_CBir__CSSL_1	Sgr	C	Bir	Samr	NA	CSSL	61	1	Yes	wahab.hpc.odu.edu	/home/e1garcia/shotgun_PIRE/pire_cssl_data_processing/spratelloides_gracilis	PE_150	NA	NA	NA	NA	NA	NA	NA	coverage_was_very_low
Sgr_CMvi__SSL_1	Sgr	C	Mvi	Masi	NA	SSL	1	1	Yes	wahab.hpc.odu.edu	/home/e1garcia/shotgun_PIRE/pire_ssl_data_processing/spratelloides_gracilis	PE_150	NA	NA	NA	NA	NA	NA	NA	NA
Sgr_AJol__LCWGS_1	Sgr	A	Jol	Jolo	NA	LCWGS	NA	1	NA	wahab.hpc.odu.edu	NA	NA	NA	NA	NA	NA	NA	NA	NA	NA
Sgr_CJol__LCWGS_1	Sgr	C	Jol	Jolo	NA	LCWGS	NA	1	NA	wahab.hpc.odu.edu	NA	NA	NA	NA	NA	NA	NA	NA	NA	NA
Sgr_AMvi__LCWGS_1	Sgr	A	Mvi	Masi	NA	LCWGS	NA	1	NA	wahab.hpc.odu.edu	NA	NA	NA	NA	NA	NA	NA	NA	NA	NA
Sgr_CMvi__LCWGS_1	Sgr	C	Mvi	Masi	NA	LCWGS	NA	1	NA	wahab.hpc.odu.edu	NA	NA	NA	NA	NA	NA	NA	NA	NA	NA
Sgr_APal__LCWGS_1	Sgr	A	Pal	Samr	NA	LCWGS	NA	1	NA	wahab.hpc.odu.edu	NA	NA	NA	NA	NA	NA	NA	NA	NA	NA
Sgr_CBir__LCWGS_1	Sgr	C	Bir	Samr	NA	LCWGS	NA	1	NA	wahab.hpc.odu.edu	NA	NA	NA	NA	NA	NA	NA	NA	NA	NA
Sin_APnd__LCWGS_1	Sin	A	Pnd	Pand	NA	LCWGS	25	1	No	wahab.hpc.odu.edu	/archive/carpenterlab/pire/pire_stethojulis_interrupta_lcwgs/1st_sequencing_run	PE_150	John_Whalen	NA	Sin_1909_PandanonIsland_Bohol_lcwgs	NA	NA	NA	NA	NA
Sin_CPnd__LCWGS_1	Sin	C	Pnd	Pand	NA	LCWGS	NA	1	No	wahab.hpc.odu.edu	/archive/carpenterlab/pire/pire_stethojulis_interrupta_lcwgs/1st_sequencing_run	PE_150	John_Whalen	NA	Sin_2021_PandanonIsland_Bohol_lcwgs	NA	NA	NA	NA	NA
Sin_CPnd__SSL_1	Sin	C	Pnd	Pand	NA	SSL	1	1	Yes	wahab.hpc.odu.edu	/home/e1garcia/shotgun_PIRE/pire_ssl_data_processing/stethojulis_interrupta	PE_150	John_Whalen	NA	NA	NA	NA	NA	NA	NA
Sin_APnd__LCWGS_2	Sin	A	Pnd	Pand	NA	LCWGS	NA	2	NA	wahab.hpc.odu.edu	NA	NA	NA	NA	NA	NA	NA	NA	NA	NA
Sin_CPnd__LCWGS_2	Sin	C	Pnd	Pand	NA	LCWGS	NA	2	NA	wahab.hpc.odu.edu	NA	NA	NA	NA	NA	NA	NA	NA	NA	NA
Sin_CPnd__LCWGS_3	Sin	C	Pnd	Pand	NA	LCWGS	NA	3	NA	wahab.hpc.odu.edu	NA	NA	NA	NA	NA	NA	NA	NA	NA	NA
Sne_ABir__LCWGS_2	Sne	A	Bir	Bali	NA	LCWGS	25	2	No	wahab.hpc.odu.edu	/home/e1garcia/shotgun_PIRE/pire_lcwgs_data_processing/sphaeramia_nematoptera/2nd_sequencing_run	PE_150	Jem_Baldisimo	NA	NA	NA	NA	NA	NA	NA
Sne_CCab__LCWGS_2	Sne	C	Cab	Bali	NA	LCWGS	64	2	No	wahab.hpc.odu.edu	/home/e1garcia/shotgun_PIRE/pire_lcwgs_data_processing/sphaeramia_nematoptera/2nd_sequencing_run	PE_150	Jem_Baldisimo	NA	NA	NA	NA	NA	NA	NA
Sne_ATaw__LCWGS_1	Sne	A	Taw	Tawi	NA	LCWGS	27	1	No	wahab.hpc.odu.edu	/home/e1garcia/shotgun_PIRE/pire_lcwgs_data_processing/sphaeramia_nematoptera/1st_sequencing_run	PE_150	Jem_Baldisimo	NA	NA	NA	NA	NA	NA	NA
Sne_CTaw__LCWGS_1	Sne	C	Taw	Tawi	NA	LCWGS	56	1	No	wahab.hpc.odu.edu	/home/e1garcia/shotgun_PIRE/pire_lcwgs_data_processing/sphaeramia_nematoptera/1st_sequencing_run	PE_150	Jem_Baldisimo	NA	NA	NA	NA	NA	NA	NA
Sne_CTaw__SSL_1	Sne	C	Taw	Tawi	NA	SSL	1	1	Yes	wahab.hpc.odu.edu	/home/e1garcia/shotgun_PIRE/pire_ssl_data_processing/sphaeramia_nematoptera	PE_150	Jem_Baldisimo	NA	NA	NA	NA	NA	NA	NA
Sne_ABir__LCWGS_3	Sne	A	Bir	Bali	NA	LCWGS	NA	3	NA	wahab.hpc.odu.edu	NA	NA	NA	NA	NA	NA	NA	NA	NA	NA
Sne_CCab__LCWGS_3	Sne	C	Cab	Bali	NA	LCWGS	NA	3	NA	wahab.hpc.odu.edu	NA	NA	NA	NA	NA	NA	NA	NA	NA	NA
Sne_ARom__LCWGS_4	Sne	A	Rom	Romb	NA	LCWGS	NA	4	NA	wahab.hpc.odu.edu	NA	NA	NA	NA	NA	NA	NA	NA	NA	NA
Sne_CRom__LCWGS_4	Sne	C	Rom	Romb	NA	LCWGS	NA	4	NA	wahab.hpc.odu.edu	NA	NA	NA	NA	NA	NA	NA	NA	NA	NA
Sob_APnd__LCWGS_1	Sob	A	Pnd	Pand	NA	LCWGS	96	1	NA	wahab.hpc.odu.edu	/archive/carpenterlab/pire/pire_sphyraena_obtusata_lcwgs/1st_sequencing_run	PE_150	John_Whalen	NA	Sob_1909_PandanonIsland_Bohol_lcwgs	NA	NA	NA	NA	NA
Sob_CPnd__LCWGS_1	Sob	C	Pnd	Pand	NA	LCWGS	64	1	NA	wahab.hpc.odu.edu	/archive/carpenterlab/pire/pire_sphyraena_obtusata_lcwgs/1st_sequencing_run	PE_150	John_Whalen	NA	Sob_2021_PandanonIsland_Bohol_lcwgs	NA	NA	NA	NA	NA
Sob_APnd__LCWGS_2	Sob	A	Pnd	Pand	NA	LCWGS	48	2	NA	wahab.hpc.odu.edu	/archive/carpenterlab/pire/pire_sphyraena_obtusata_lcwgs/2nd_sequencing_run	PE_150	John_Whalen	NA	Sob_1909_PandanonIsland_Bohol_lcwgs	NA	NA	NA	NA	NA
Sob_CPnd__LCWGS_2	Sob	C	Pnd	Pand	NA	LCWGS	48	2	NA	wahab.hpc.odu.edu	/archive/carpenterlab/pire/pire_sphyraena_obtusata_lcwgs/2nd_sequencing_run	PE_150	John_Whalen	NA	Sob_2021_PandanonIsland_Bohol_lcwgs	NA	NA	NA	NA	NA
Sob_APnd__LCWGS_3	Sob	A	Pnd	Pand	NA	LCWGS	48	3	NA	wahab.hpc.odu.edu	/archive/carpenterlab/pire/pire_sphyraena_obtusata_lcwgs/3rd_sequencing_run	PE_150	John_Whalen	NA	Sob_1909_PandanonIsland_Bohol_lcwgs	NA	NA	NA	NA	NA
Sob_CPnd__LCWGS_3	Sob	C	Pnd	Pand	NA	LCWGS	48	3	NA	wahab.hpc.odu.edu	/archive/carpenterlab/pire/pire_sphyraena_obtusata_lcwgs/3rd_sequencing_run	PE_150	John_Whalen	NA	Sob_2021_PandanonIsland_Bohol_lcwgs	NA	NA	NA	NA	NA
Sob_CKal__SSL_1	Sob	C	Kal	Connectivity	NA	SSL	1	1	Yes	wahab.hpc.odu.edu	/home/e1garcia/shotgun_PIRE/pire_ssl_data_processing/sphyraena_obtusata	PE_150	John_Whalen	NA	NA	NA	NA	NA	NA	NA
Sor_ABur__LCWGS_1	Sor	A	Bur	CanB	NA	LCWGS	16	1	No	wahab.hpc.odu.edu	/home/e1garcia/shotgun_PIRE/pire_lcwgs_data_processing/sphaeramia_orbicularis/1st_sequencing_run	PE_150	NA	NA	NA	NA	NA	NA	NA	NA
Sor_ACan__LCWGS_1	Sor	A	Can	CanB	NA	LCWGS	55	1	No	wahab.hpc.odu.edu	/home/e1garcia/shotgun_PIRE/pire_lcwgs_data_processing/sphaeramia_orbicularis/1st_sequencing_run	PE_150	NA	NA	NA	NA	NA	NA	NA	NA
Sor_CBur__LCWGS_1	Sor	C	Bur	CanB	NA	LCWGS	64	1	No	wahab.hpc.odu.edu	/home/e1garcia/shotgun_PIRE/pire_lcwgs_data_processing/sphaeramia_orbicularis/1st_sequencing_run	PE_150	NA	NA	NA	NA	NA	NA	NA	NA
Sor_CNA__SSL_1	Sor	C	NA	NA	NA	SSL	1	1	no	wahab.hpc.odu.edu	/home/e1garcia/shotgun_PIRE/pire_ssl_data_processing/sphaeramia_orbicularis	PE_150	NA	NA	NA	NA	NA	NA	NA	probes_were_designed_from_the_published_genome_in_NCBI._Thus,_we_didn't_use_one_of_our_individuals_for_SSL
Sor_ACeb__LCWGS_1	Sor	A	Ceb	Pand	NA	LCWGS	22	1	No	wahab.hpc.odu.edu	/archive/carpenterlab/pire/pire_sphaeramia_orbicularis_lcwgs/1st_sequencing_run	PE_150	John_Whalen	NA	Sor_CebuMarket_Cebu_lcwgs	NA	NA	NA	NA	NA
Sor_CPnd__LCWGS_1	Sor	C	Pnd	Pand	NA	LCWGS	64	1	No	wahab.hpc.odu.edu	/archive/carpenterlab/pire/pire_sphaeramia_orbicularis_lcwgs/1st_sequencing_run	PE_150	John_Whalen	NA	Sor_PandanonIsland_Bohol_lcwgs	NA	NA	NA	NA	NA
Sor_ACeb__LCWGS_2	Sor	A	Ceb	Pand	NA	LCWGS	22	2	No	wahab.hpc.odu.edu	/archive/carpenterlab/pire/pire_sphaeramia_orbicularis_lcwgs/2nd_sequencing_run	PE_150	John_Whalen	NA	Sor_CebuMarket_Cebu_lcwgs	NA	NA	NA	NA	NA
Sor_CPnd__LCWGS_2	Sor	C	Pnd	Pand	NA	LCWGS	48	2	No	wahab.hpc.odu.edu	/archive/carpenterlab/pire/pire_sphaeramia_orbicularis_lcwgs/2nd_sequencing_run	PE_150	John_Whalen	NA	Sor_PandanonIsland_Bohol_lcwgs	NA	NA	NA	NA	NA
Sor_CPnd__LCWGS_3	Sor	C	Pnd	Pand	NA	LCWGS	NA	3	NA	wahab.hpc.odu.edu	NA	NA	NA	NA	NA	NA	NA	NA	NA	NA
Ssp_AAtu__CSSL_1	Ssp	A	Atu	AtuB	NA	CSSL	43	1	Yes	wahab.hpc.odu.edu	/home/e1garcia/shotgun_PIRE/pire_cssl_data_processing/siganus_spinus/1st_sequencing_run	PE_150	Brendan_Reid	NA	NA	NA	NA	NA	NA	NA
Ssp_CGub__CSSL_1	Ssp	C	Gub	AtuB	NA	CSSL	55	1	Yes	wahab.hpc.odu.edu	/home/e1garcia/shotgun_PIRE/pire_cssl_data_processing/siganus_spinus/1st_sequencing_run	PE_150	Brendan_Reid	NA	NA	NA	NA	NA	NA	NA
Ssp_AAtu__CSSL_2	Ssp	A	Atu	AtuB	NA	CSSL	43	2	Yes	wahab.hpc.odu.edu	/home/e1garcia/shotgun_PIRE/pire_cssl_data_processing/siganus_spinus/2nd_sequencing_run	PE_150	Brendan_Reid	NA	NA	NA	NA	NA	NA	NA
Tbi_ARos__CSSL_1	Tbi	A	Ros	Rosa	NA	CSSL	31	1	Yes	wahab.hpc.odu.edu	/home/e1garcia/shotgun_PIRE/pire_cssl_data_processing/taeniamia_biguttata/1st_sequencing_run	PE_150	Brendan_Reid	Brendan_Reid	Tbi_1909_RosaId_CamarinesSur	https://n2t.net/ark:/21547/FPb2	NA	NA	NA	NA
Tbi_CJos__CSSL_1	Tbi	C	Jos	Rosa	NA	CSSL	63	1	Yes	wahab.hpc.odu.edu	/home/e1garcia/shotgun_PIRE/pire_cssl_data_processing/taeniamia_biguttata/1st_sequencing_run	PE_150	Brendan_Reid	Brendan_Reid	Tbi_2019_SanJose_CamarinesSur	https://n2t.net/ark:/21547/FPV2	NA	NA	NA	NA
Tbi_ARos__CSSL_2	Tbi	A	Ros	Rosa	NA	CSSL	31	2	Yes	wahab.hpc.odu.edu	/home/e1garcia/shotgun_PIRE/pire_cssl_data_processing/taeniamia_biguttata/2nd_sequencing_run	PE_150	Brendan_Reid	Brendan_Reid	Tbi_1909_RosaId_CamarinesSur	https://n2t.net/ark:/21547/FPb2	NA	NA	NA	NA
Tcr_CJol__SSL_1	Tcr	C	Jol	Jolo	NA	SSL	1	1	Yes	wahab.hpc.odu.edu	/home/e1garcia/shotgun_PIRE/pire_ssl_data_processing/tylosurus_crocodilus	PE_150	NA	NA	NA	NA	NA	NA	NA	NA
Tzo_AMvi__CSSL_1	Tzo	A	Mvi	Masi	NA	CSSL	48	1	Yes	wahab.hpc.odu.edu	/home/e1garcia/shotgun_PIRE/pire_cssl_data_processing/taeniamia_zosterophora	PE_150	NA	Gianna_Mazzei	Tzo_1908_MatalvisIsland_Zambales_cssl	https://n2t.net/ark:/21547/Fwk2	PRJNA1199564	Taeniamia_zosterophora_1908_MatalvisIsland_Zambales_CaptureSeq	No	raw_data_in_/RC/group/rc_carpenterlab_ngs/shotgun_PIRE/pire_cssl_data_processing/taeniamia_zosterophora/fq_raw_cssl
Tzo_CMvi__CSSL_1	Tzo	C	Mvi	Masi	NA	CSSL	55	1	Yes	wahab.hpc.odu.edu	/home/e1garcia/shotgun_PIRE/pire_cssl_data_processing/taeniamia_zosterophora	PE_150	NA	Gianna_Mazzei	Tzo_2019_MatalvisIsland_Zambales_cssl	https://n2t.net/ark:/21547/Fwe2	PRJNA1199563	Taeniamia_zosterophora_2019_MatalvisIsland_Zambales_CaptureSeq	No	raw_data_in_/RC/group/rc_carpenterlab_ngs/shotgun_PIRE/pire_cssl_data_processing/taeniamia_zosterophora/fq_raw_cssl
Tzo_AMta__LCWGS_1	Tzo	A	Mta	Boho	NA	LCWGS	34	1	No	wahab.hpc.odu.edu	/home/e1garcia/shotgun_PIRE/pire_lcwgs_data_processing/taeniamia_zosterophora/1st_sequencing_run	PE_150	Kyra_Fitz	Kyra_Fitz	Tzo_1908_Mantatao_Bohol_lcwgs	https://n2t.net/ark:/21547/FtY2	PRJNA1185271	Taeniamia_zosterophora_1908_Mantatao_Bohol_lcwgs	Yes	NA
Tzo_CMta__LCWGS_1	Tzo	C	Mta	Boho	NA	LCWGS	64	1	No	wahab.hpc.odu.edu	/home/e1garcia/shotgun_PIRE/pire_lcwgs_data_processing/taeniamia_zosterophora/1st_sequencing_run	PE_150	Kyra_Fitz	Kyra_Fitz	Tzo_2021_Mantatao_Bohol_lcwgs	https://n2t.net/ark:/21547/Fte2	PRJNA1185264	Taeniamia_zosterophora_2021_Mantatao_Bohol_lcwgs	Yes	NA
Tzo_ABol__LCWGS_1	Tzo	A	Bol	Mala	NA	LCWGS	65	1	No	wahab.hpc.odu.edu	/home/e1garcia/shotgun_PIRE/pire_lcwgs_data_processing/taeniamia_zosterophora/1st_sequencing_run	PE_150	Kyra_Fitz	Kyra_Fitz	Tzo_1908_Malampaya_Palawan_lcwgs	https://n2t.net/ark:/21547/FtD2	PRJNA1185294	Taeniamia_zosterophora_1908_Malampaya_Palawan_lcwgs	Yes	NA
Tzo_CMal__LCWGS_1	Tzo	C	Mal	Mala	NA	LCWGS	64	1	No	wahab.hpc.odu.edu	/home/e1garcia/shotgun_PIRE/pire_lcwgs_data_processing/taeniamia_zosterophora/1st_sequencing_run	PE_150	Kyra_Fitz	Kyra_Fitz	Tzo_2022_Malampaya_Palawan_lcwgs	https://n2t.net/ark:/21547/FtS2	PRJNA1185280	Taeniamia_zosterophora_2022_Malampaya_Palawan_lcwgs	Yes	NA
Tzo_AMvi__LCWGS_1	Tzo	A	Mvi	Masi	NA	LCWGS	48	1	No	wahab.hpc.odu.edu	/home/e1garcia/shotgun_PIRE/pire_lcwgs_data_processing/taeniamia_zosterophora/1st_sequencing_run	PE_150	Kyra_Fitz	Kyra_Fitz	Tzo_1908_MatalvisIsland_Zambales_lcwgs	https://n2t.net/ark:/21547/Ftk2	PRJNA1185224	Taeniamia_zosterophora_1908_MatalvisIsland_Zambales_lcwgs	Yes	NA
Tzo_CMvi__LCWGS_1	Tzo	C	Mvi	Masi	NA	LCWGS	64	1	No	wahab.hpc.odu.edu	/home/e1garcia/shotgun_PIRE/pire_lcwgs_data_processing/taeniamia_zosterophora/1st_sequencing_run	PE_150	Kyra_Fitz	Kyra_Fitz	Tzo_2019_MatalvisIsland_Zambales_lcwgs	https://n2t.net/ark:/21547/Ftq2	PRJNA1185258	Taeniamia_zosterophora_2019_MatalvisIsland_Zambales_lcwgs	Yes	NA
Tzo_CMvi__SSL_1	Tzo	C	Mvi	Masi	NA	SSL	1	1	Yes	wahab.hpc.odu.edu	/home/e1garcia/shotgun_PIRE/pire_ssl_data_processing/taeniamia_zosterophora	PE_150	NA	NA	NA	NA	NA	NA	NA	NA
Tzo_AMta__LCWGS_2	Tzo	A	Mta	Boho	NA	LCWGS	NA	2	NA	wahab.hpc.odu.edu	NA	NA	NA	NA	NA	NA	NA	NA	NA	NA
Tzo_CMta__LCWGS_2	Tzo	C	Mta	Boho	NA	LCWGS	NA	2	NA	wahab.hpc.odu.edu	NA	NA	NA	NA	NA	NA	NA	NA	NA	NA
Tzo_ABol__LCWGS_2	Tzo	A	Bol	Mala	NA	LCWGS	NA	2	NA	wahab.hpc.odu.edu	NA	NA	NA	NA	NA	NA	NA	NA	NA	NA
Tzo_CMal__LCWGS_2	Tzo	C	Mal	Mala	NA	LCWGS	NA	2	NA	wahab.hpc.odu.edu	NA	NA	NA	NA	NA	NA	NA	NA	NA	NA
Tzo_AMvi__LCWGS_2	Tzo	A	Mvi	Masi	NA	LCWGS	NA	2	NA	wahab.hpc.odu.edu	NA	NA	NA	NA	NA	NA	NA	NA	NA	NA
Tzo_CMvi__LCWGS_2	Tzo	C	Mvi	Masi	NA	LCWGS	NA	2	NA	wahab.hpc.odu.edu	NA	NA	NA	NA	NA	NA	NA	NA	NA	NA
Zdi_ADup__LCWGS_1	Zdi	A	Dup	Dupo	NA	LCWGS	47	1	Yes	wahab.hpc.odu.edu	/archive/carpenterlab/pire/pire_zenarchopterus_dispar_lcwgs/1st_sequencing_run	PE_150	Ty_Burris	Gianna_Mazzei	Zdi_1908_Isabel_Leyte_lcwgs	https://n2t.net/ark:/21547/Fpq2	PRJNA1171961	Zenarchopterus_dispar_1908_Isabel_Leyte_lcwgs	No	NA
Zdi_CDup__LCWGS_1	Zdi	C	Dup	Dupo	NA	LCWGS	64	1	Yes	wahab.hpc.odu.edu	/archive/carpenterlab/pire/pire_zenarchopterus_dispar_lcwgs/1st_sequencing_run	PE_150	Ty_Burris	Gianna_Mazzei	Zdi_2022_Isabel_Leyte_lcwgs	https://n2t.net/ark:/21547/Fpw2	PRJNA1171888	Zenarchopterus_dispar_2022_Isabel_Leyte_lcwgs	No	NA
Zdi_ADup__LCWGS_2	Zdi	A	Dup	Dupo	NA	LCWGS	47	2	Yes	wahab.hpc.odu.edu	/archive/carpenterlab/pire/pire_zenarchopterus_dispar_lcwgs/2nd_sequencing_run	PE_150	Ty_Burris	Gianna_Mazzei	Zdi_1908_Isabel_Leyte_lcwgs	https://n2t.net/ark:/21547/Fpq2	PRJNA1171961	Zenarchopterus_dispar_1908_Isabel_Leyte_lcwgs	No	NA
Zdi_CDup__LCWGS_2	Zdi	C	Dup	Dupo	NA	LCWGS	49	2	Yes	wahab.hpc.odu.edu	/archive/carpenterlab/pire/pire_zenarchopterus_dispar_lcwgs/2nd_sequencing_run	PE_150	Ty_Burris	Gianna_Mazzei	Zdi_2022_Isabel_Leyte_lcwgs	https://n2t.net/ark:/21547/Fpw2	PRJNA1171888	Zenarchopterus_dispar_2022_Isabel_Leyte_lcwgs	No	NA
